[
{
  "model": "dashboard.typeprestation",
  "pk": 1,
  "fields": {
    "type_prestation": "Passerelle comptable",
    "notes": null
  }
},
{
  "model": "dashboard.typeprestation",
  "pk": 2,
  "fields": {
    "type_prestation": "Personnalisation des emails",
    "notes": null
  }
},
{
  "model": "dashboard.typeprestation",
  "pk": 3,
  "fields": {
    "type_prestation": "Pack signature",
    "notes": null
  }
},
{
  "model": "dashboard.typeprestation",
  "pk": 4,
  "fields": {
    "type_prestation": "Envoi coffre fort num\u00e9rique",
    "notes": null
  }
},
{
  "model": "dashboard.flux",
  "pk": 2,
  "fields": {
    "flux": "flux"
  }
},
{
  "model": "dashboard.flux",
  "pk": 3,
  "fields": {
    "flux": "documents"
  }
},
{
  "model": "dashboard.categorieforfait",
  "pk": 1,
  "fields": {
    "categorie_forfait": "flux 3ans 3Go/an",
    "duree": 3,
    "flux": 2,
    "volume": "3.0"
  }
},
{
  "model": "dashboard.categorieforfait",
  "pk": 2,
  "fields": {
    "categorie_forfait": "flux 5ans 3Go/an",
    "duree": 5,
    "flux": 2,
    "volume": "3.0"
  }
},
{
  "model": "dashboard.categorieforfait",
  "pk": 3,
  "fields": {
    "categorie_forfait": "flux 5ans 1.5Go/an",
    "duree": 5,
    "flux": 2,
    "volume": "1.5"
  }
},
{
  "model": "dashboard.categorieforfait",
  "pk": 4,
  "fields": {
    "categorie_forfait": "flux 3ans 0.5Go/an",
    "duree": 3,
    "flux": 2,
    "volume": "0.5"
  }
},
{
  "model": "dashboard.categorieforfait",
  "pk": 5,
  "fields": {
    "categorie_forfait": "flux 3ans 3000 docs/an",
    "duree": 3,
    "flux": 3,
    "volume": "300.0"
  }
},
{
  "model": "dashboard.categorieforfait",
  "pk": 6,
  "fields": {
    "categorie_forfait": "flux 5ans 3000 docs/an",
    "duree": 5,
    "flux": 3,
    "volume": "300.0"
  }
},
{
  "model": "dashboard.categorieforfait",
  "pk": 7,
  "fields": {
    "categorie_forfait": "flux 5 ans 1200 docs/an",
    "duree": 5,
    "flux": 3,
    "volume": "120.0"
  }
},
{
  "model": "dashboard.categorieforfait",
  "pk": 8,
  "fields": {
    "categorie_forfait": "flux 5ans 5Go/an",
    "duree": 5,
    "flux": 2,
    "volume": "5.0"
  }
},
{
  "model": "dashboard.categorieforfait",
  "pk": 9,
  "fields": {
    "categorie_forfait": "flux 5ans 0.5Go/an",
    "duree": 5,
    "flux": 2,
    "volume": "0.5"
  }
},
{
  "model": "dashboard.categorieforfait",
  "pk": 10,
  "fields": {
    "categorie_forfait": "flux 5ans 9Go/an",
    "duree": 5,
    "flux": 2,
    "volume": "9.0"
  }
},
{
  "model": "dashboard.categorieforfait",
  "pk": 11,
  "fields": {
    "categorie_forfait": "Forfait temporaire",
    "duree": 0,
    "flux": 3,
    "volume": "100.0"
  }
},
{
  "model": "dashboard.revendeur",
  "pk": 1,
  "fields": {
    "nom": "SoluInfoService",
    "notes": "soluinfoservice"
  }
},
{
  "model": "dashboard.revendeur",
  "pk": 2,
  "fields": {
    "nom": "Soludoc",
    "notes": "soludoc"
  }
},
{
  "model": "dashboard.client",
  "pk": 1,
  "fields": {
    "nom": "ABLE SAS",
    "num_armoire": "15218",
    "adresse1": "7, rue du THAL",
    "adresse2": "",
    "code_postal": "67210",
    "ville": "OBERNAI",
    "revendeur": 2
  }
},
{
  "model": "dashboard.client",
  "pk": 2,
  "fields": {
    "nom": "BREDOK PRO",
    "num_armoire": "15242",
    "adresse1": "9, rue du Ried",
    "adresse2": "Z.I du Ried",
    "code_postal": "67590",
    "ville": "SCHWEIGHOUSE SUR MODER",
    "revendeur": 2
  }
},
{
  "model": "dashboard.client",
  "pk": 3,
  "fields": {
    "nom": "EUROLOGISTIC FRANCE",
    "num_armoire": "15243",
    "adresse1": "12, rue de CHERBOURG",
    "adresse2": "",
    "code_postal": "67100",
    "ville": "STRASBOURG",
    "revendeur": 2
  }
},
{
  "model": "dashboard.client",
  "pk": 4,
  "fields": {
    "nom": "TPN",
    "num_armoire": "15454",
    "adresse1": "135, rue du Mar\u00e9chal FOCH",
    "adresse2": "",
    "code_postal": "67380",
    "ville": "LINGOLSHEIM",
    "revendeur": 2
  }
},
{
  "model": "dashboard.client",
  "pk": 5,
  "fields": {
    "nom": "TRYAD CONSEIL",
    "num_armoire": "14793",
    "adresse1": "8, rue de l'industrie",
    "adresse2": "",
    "code_postal": "67114",
    "ville": "ESCHAU",
    "revendeur": 2
  }
},
{
  "model": "dashboard.client",
  "pk": 6,
  "fields": {
    "nom": "ENTREPRISE GROSS",
    "num_armoire": "14008",
    "adresse1": "Rue de la vieille Bruche",
    "adresse2": "",
    "code_postal": "67130",
    "ville": "LUTZELHOUSE",
    "revendeur": 2
  }
},
{
  "model": "dashboard.client",
  "pk": 7,
  "fields": {
    "nom": "REHA PLUS",
    "num_armoire": "13511",
    "adresse1": "38, rue du foss\u00e9 Riepberg",
    "adresse2": "",
    "code_postal": "67100",
    "ville": "STRASBOURG",
    "revendeur": 2
  }
},
{
  "model": "dashboard.client",
  "pk": 8,
  "fields": {
    "nom": "ALCA",
    "num_armoire": "13386",
    "adresse1": "4, rue Jean Monnet",
    "adresse2": "",
    "code_postal": "67201",
    "ville": "ECKBOLSHEIM",
    "revendeur": 2
  }
},
{
  "model": "dashboard.client",
  "pk": 9,
  "fields": {
    "nom": "RUFFY JEAN-LUC-SARL",
    "num_armoire": "12407",
    "adresse1": "4, Lieu-dit Breitnacker",
    "adresse2": "",
    "code_postal": "67250",
    "ville": "INGOLSHEIM",
    "revendeur": 2
  }
},
{
  "model": "dashboard.client",
  "pk": 10,
  "fields": {
    "nom": "MCN SARL",
    "num_armoire": "12404",
    "adresse1": "Zone Artisanale \r\n4, rue du Sandholz",
    "adresse2": "BP 30105",
    "code_postal": "67110",
    "ville": "NIEDERBRONN LES BAINS",
    "revendeur": 2
  }
},
{
  "model": "dashboard.client",
  "pk": 11,
  "fields": {
    "nom": "MAISON_WUNSCHEL",
    "num_armoire": "12216",
    "adresse1": "25, rue du G\u00e9n\u00e9ral de Gaulle",
    "adresse2": "",
    "code_postal": "67116",
    "ville": "REICHSTETT",
    "revendeur": 2
  }
},
{
  "model": "dashboard.client",
  "pk": 12,
  "fields": {
    "nom": "ESPACE_CASHER",
    "num_armoire": "12041",
    "adresse1": "20, rue Sellenick",
    "adresse2": "",
    "code_postal": "67000",
    "ville": "STRASBOURG",
    "revendeur": 2
  }
},
{
  "model": "dashboard.client",
  "pk": 13,
  "fields": {
    "nom": "ESPACE PAYSAGERS",
    "num_armoire": "11240",
    "adresse1": "173, rue du Mar\u00e9chal Foch",
    "adresse2": "",
    "code_postal": "67380",
    "ville": "LINGOLSHEIM",
    "revendeur": 2
  }
},
{
  "model": "dashboard.client",
  "pk": 14,
  "fields": {
    "nom": "ASSOCIATION JEAN BAPTISTE THIERY",
    "num_armoire": "10752",
    "adresse1": "13, rue de la r\u00e9publique",
    "adresse2": "",
    "code_postal": "54320",
    "ville": "MAXEVILLE",
    "revendeur": 1
  }
},
{
  "model": "dashboard.client",
  "pk": 15,
  "fields": {
    "nom": "THIERRY MULLER ESPACE VERT",
    "num_armoire": "10667",
    "adresse1": "10, rue du commerce",
    "adresse2": "",
    "code_postal": "67118",
    "ville": "GEISPOLSHEIM",
    "revendeur": 2
  }
},
{
  "model": "dashboard.client",
  "pk": 16,
  "fields": {
    "nom": "SIMSE IMAGERIE MED STRASBOURG",
    "num_armoire": "10554",
    "adresse1": "2, place de l'Eglise",
    "adresse2": "",
    "code_postal": "67300",
    "ville": "SCHILTIGHEIM",
    "revendeur": 2
  }
},
{
  "model": "dashboard.client",
  "pk": 17,
  "fields": {
    "nom": "EHPAD MAISON RETRAITE SAINT JOSEPH",
    "num_armoire": "10511",
    "adresse1": "113, avenue de Strasbourg",
    "adresse2": "",
    "code_postal": "54000",
    "ville": "NANCY",
    "revendeur": 1
  }
},
{
  "model": "dashboard.client",
  "pk": 18,
  "fields": {
    "nom": "LE PIN PARASOL",
    "num_armoire": "9177",
    "adresse1": "2a route de Brumath",
    "adresse2": "",
    "code_postal": "67450",
    "ville": "MUNDOLSHEIM",
    "revendeur": 2
  }
},
{
  "model": "dashboard.client",
  "pk": 19,
  "fields": {
    "nom": "SOC ALSACIENNE DE PARATONNERRES",
    "num_armoire": "9176",
    "adresse1": "21, rue de l'Engelbreit",
    "adresse2": "",
    "code_postal": "67200",
    "ville": "STRASBOURG",
    "revendeur": 2
  }
},
{
  "model": "dashboard.client",
  "pk": 20,
  "fields": {
    "nom": "FEIN FRANCE",
    "num_armoire": "8887",
    "adresse1": "18, rue d'Ottersviller",
    "adresse2": "",
    "code_postal": "67700",
    "ville": "SAVERNE",
    "revendeur": 2
  }
},
{
  "model": "dashboard.client",
  "pk": 21,
  "fields": {
    "nom": "BIOVALLEY FRANCE",
    "num_armoire": "6997",
    "adresse1": "Parc Innovation",
    "adresse2": "550 bld Gonthier d'Andernach",
    "code_postal": "67400",
    "ville": "ILLKIRCH GRAFFENSTADEN",
    "revendeur": 2
  }
},
{
  "model": "dashboard.client",
  "pk": 22,
  "fields": {
    "nom": "LOGIC-SAS",
    "num_armoire": "15514",
    "adresse1": "24, avenue FOCH",
    "adresse2": "",
    "code_postal": "54270",
    "ville": "ESSEY LES NANCY",
    "revendeur": 1
  }
},
{
  "model": "dashboard.client",
  "pk": 23,
  "fields": {
    "nom": "AB SECURITE",
    "num_armoire": "15557",
    "adresse1": "6, all\u00e9e des Erables",
    "adresse2": "",
    "code_postal": "88000",
    "ville": "Epinal",
    "revendeur": 1
  }
},
{
  "model": "dashboard.forfait",
  "pk": 3,
  "fields": {
    "date_commande": "2021-12-23",
    "client": 3,
    "categorie_forfait": 4
  }
},
{
  "model": "dashboard.forfait",
  "pk": 4,
  "fields": {
    "date_commande": "2021-12-23",
    "client": 2,
    "categorie_forfait": 2
  }
},
{
  "model": "dashboard.forfait",
  "pk": 5,
  "fields": {
    "date_commande": "2021-12-23",
    "client": 1,
    "categorie_forfait": 2
  }
},
{
  "model": "dashboard.forfait",
  "pk": 6,
  "fields": {
    "date_commande": "2021-12-07",
    "client": 4,
    "categorie_forfait": 3
  }
},
{
  "model": "dashboard.forfait",
  "pk": 7,
  "fields": {
    "date_commande": "2019-05-28",
    "client": 21,
    "categorie_forfait": 5
  }
},
{
  "model": "dashboard.forfait",
  "pk": 8,
  "fields": {
    "date_commande": "2020-01-18",
    "client": 20,
    "categorie_forfait": 6
  }
},
{
  "model": "dashboard.forfait",
  "pk": 9,
  "fields": {
    "date_commande": "2020-02-23",
    "client": 19,
    "categorie_forfait": 7
  }
},
{
  "model": "dashboard.forfait",
  "pk": 10,
  "fields": {
    "date_commande": "2020-02-23",
    "client": 18,
    "categorie_forfait": 7
  }
},
{
  "model": "dashboard.forfait",
  "pk": 11,
  "fields": {
    "date_commande": "2020-08-20",
    "client": 17,
    "categorie_forfait": 3
  }
},
{
  "model": "dashboard.forfait",
  "pk": 12,
  "fields": {
    "date_commande": "2020-08-26",
    "client": 16,
    "categorie_forfait": 3
  }
},
{
  "model": "dashboard.forfait",
  "pk": 13,
  "fields": {
    "date_commande": "2020-08-25",
    "client": 15,
    "categorie_forfait": 8
  }
},
{
  "model": "dashboard.forfait",
  "pk": 14,
  "fields": {
    "date_commande": "2021-11-17",
    "client": 5,
    "categorie_forfait": 2
  }
},
{
  "model": "dashboard.forfait",
  "pk": 15,
  "fields": {
    "date_commande": "2021-08-21",
    "client": 6,
    "categorie_forfait": 3
  }
},
{
  "model": "dashboard.forfait",
  "pk": 16,
  "fields": {
    "date_commande": "2021-07-07",
    "client": 7,
    "categorie_forfait": 3
  }
},
{
  "model": "dashboard.forfait",
  "pk": 17,
  "fields": {
    "date_commande": "2021-06-26",
    "client": 8,
    "categorie_forfait": 2
  }
},
{
  "model": "dashboard.forfait",
  "pk": 18,
  "fields": {
    "date_commande": "2021-03-21",
    "client": 9,
    "categorie_forfait": 9
  }
},
{
  "model": "dashboard.forfait",
  "pk": 19,
  "fields": {
    "date_commande": "2021-03-21",
    "client": 10,
    "categorie_forfait": 9
  }
},
{
  "model": "dashboard.forfait",
  "pk": 20,
  "fields": {
    "date_commande": "2021-03-02",
    "client": 11,
    "categorie_forfait": 3
  }
},
{
  "model": "dashboard.forfait",
  "pk": 21,
  "fields": {
    "date_commande": "2021-02-17",
    "client": 12,
    "categorie_forfait": 3
  }
},
{
  "model": "dashboard.forfait",
  "pk": 22,
  "fields": {
    "date_commande": "2020-11-22",
    "client": 13,
    "categorie_forfait": 2
  }
},
{
  "model": "dashboard.forfait",
  "pk": 23,
  "fields": {
    "date_commande": "2020-10-03",
    "client": 14,
    "categorie_forfait": 10
  }
},
{
  "model": "dashboard.forfait",
  "pk": 24,
  "fields": {
    "date_commande": "2021-12-10",
    "client": 22,
    "categorie_forfait": 11
  }
},
{
  "model": "dashboard.forfait",
  "pk": 25,
  "fields": {
    "date_commande": "2021-12-15",
    "client": 23,
    "categorie_forfait": 11
  }
},
{
  "model": "dashboard.statuttache",
  "pk": 1,
  "fields": {
    "statut": "\u00e0 programmer"
  }
},
{
  "model": "dashboard.statuttache",
  "pk": 2,
  "fields": {
    "statut": "en attente"
  }
},
{
  "model": "dashboard.statuttache",
  "pk": 3,
  "fields": {
    "statut": "en cours"
  }
},
{
  "model": "dashboard.statuttache",
  "pk": 4,
  "fields": {
    "statut": "r\u00e9alis\u00e9e"
  }
},
{
  "model": "dashboard.intervenant",
  "pk": 1,
  "fields": {
    "nom": "MELIN",
    "prenom": "Thomas",
    "email": "t.melin@sisfrance.eu",
    "tag": "Tom",
    "notes": ""
  }
},
{
  "model": "dashboard.intervenant",
  "pk": 2,
  "fields": {
    "nom": "ZEENDOC",
    "prenom": "Service Passerelle",
    "email": null,
    "tag": "zeendoc passerelle",
    "notes": ""
  }
},
{
  "model": "dashboard.intervenant",
  "pk": 3,
  "fields": {
    "nom": "ZEENDOC",
    "prenom": "D\u00e9veloppements sp\u00e9cifiques",
    "email": null,
    "tag": "dev_spe",
    "notes": "Nicolas CHARRIER"
  }
},
{
  "model": "dashboard.prestation",
  "pk": 1,
  "fields": {
    "client": 2,
    "type_prestation": 1,
    "intervenant": 2,
    "date_programmee": "2021-01-12",
    "date_realisation": null,
    "statut": 3,
    "notes": "coordinateur passerelle: l.marey@zeendoc.com"
  }
},
{
  "model": "dashboard.prestation",
  "pk": 2,
  "fields": {
    "client": 2,
    "type_prestation": 2,
    "intervenant": 3,
    "date_programmee": null,
    "date_realisation": null,
    "statut": 1,
    "notes": null
  }
},
{
  "model": "dashboard.prestation",
  "pk": 4,
  "fields": {
    "client": 2,
    "type_prestation": 3,
    "intervenant": 3,
    "date_programmee": null,
    "date_realisation": null,
    "statut": 1,
    "notes": null
  }
},
{
  "model": "dashboard.prestation",
  "pk": 5,
  "fields": {
    "client": 1,
    "type_prestation": 2,
    "intervenant": 3,
    "date_programmee": null,
    "date_realisation": null,
    "statut": 1,
    "notes": null
  }
},
{
  "model": "dashboard.prestation",
  "pk": 6,
  "fields": {
    "client": 4,
    "type_prestation": 2,
    "intervenant": 3,
    "date_programmee": null,
    "date_realisation": null,
    "statut": 1,
    "notes": null
  }
},
{
  "model": "dashboard.prestation",
  "pk": 7,
  "fields": {
    "client": 22,
    "type_prestation": 1,
    "intervenant": 2,
    "date_programmee": null,
    "date_realisation": null,
    "statut": 1,
    "notes": "logiciel de compta : DiaCompta\r\nplan comptable : ok"
  }
},
{
  "model": "dashboard.prestation",
  "pk": 8,
  "fields": {
    "client": 23,
    "type_prestation": 4,
    "intervenant": 3,
    "date_programmee": null,
    "date_realisation": null,
    "statut": 1,
    "notes": ""
  }
},
{
  "model": "dashboard.tache",
  "pk": 2,
  "fields": {
    "client": 1,
    "nom": "R\u00e9alisation classeurs + workflow",
    "date_programmee": "2021-12-08",
    "date_echeance": "2021-12-29",
    "date_realisation": null,
    "statut": 3,
    "temps_passe": "2",
    "description": "Cr\u00e9ation classeur Factures fournisseurs\r\nCr\u00e9ation classeur Factures clients\r\nImport utilisateurs et droits\r\nCr\u00e9ation exemple workflow",
    "personnes_en_charge": [
      1
    ]
  }
},
{
  "model": "dashboard.tache",
  "pk": 3,
  "fields": {
    "client": 2,
    "nom": "R\u00e9alisation classeurs + workflow",
    "date_programmee": "2021-12-07",
    "date_echeance": "2021-12-07",
    "date_realisation": null,
    "statut": 3,
    "temps_passe": "2",
    "description": "",
    "personnes_en_charge": [
      1
    ]
  }
},
{
  "model": "dashboard.tache",
  "pk": 4,
  "fields": {
    "client": 4,
    "nom": "R\u00e9alisation classeurs",
    "date_programmee": "2021-12-07",
    "date_echeance": "2021-12-24",
    "date_realisation": null,
    "statut": 3,
    "temps_passe": "1h",
    "description": "Classeur Factures fournisseurs\r\nClasseur Facture clients",
    "personnes_en_charge": [
      1
    ]
  }
},
{
  "model": "dashboard.tache",
  "pk": 5,
  "fields": {
    "client": 8,
    "nom": "Cr\u00e9ation 3 comptes",
    "date_programmee": "2021-12-14",
    "date_echeance": null,
    "date_realisation": "2021-12-20",
    "statut": 4,
    "temps_passe": "1",
    "description": "Creation comptes MO Groupe FOCUS MO MO HAGONDANGE",
    "personnes_en_charge": [
      1
    ]
  }
},
{
  "model": "dashboard.tache",
  "pk": 6,
  "fields": {
    "client": 2,
    "nom": "Importation comptes comptables",
    "date_programmee": "2021-12-14",
    "date_echeance": "2021-12-14",
    "date_realisation": "2021-12-20",
    "statut": 4,
    "temps_passe": "1",
    "description": "Cr\u00e9ation des listes des comptes comptables bredok pro",
    "personnes_en_charge": [
      1
    ]
  }
},
{
  "model": "dashboard.tache",
  "pk": 7,
  "fields": {
    "client": 22,
    "nom": "Cr\u00e9ation classeurs",
    "date_programmee": "2021-12-14",
    "date_echeance": "2021-12-14",
    "date_realisation": "2021-12-14",
    "statut": 4,
    "temps_passe": "0",
    "description": "Cr\u00e9ation classeurs notes de frais et factures fournisseurs.",
    "personnes_en_charge": [
      1
    ]
  }
},
{
  "model": "dashboard.tache",
  "pk": 8,
  "fields": {
    "client": 22,
    "nom": "Importation comptes comptables",
    "date_programmee": "2021-12-15",
    "date_echeance": "2021-12-16",
    "date_realisation": "2021-12-15",
    "statut": 4,
    "temps_passe": "0",
    "description": "Importation des comptes comptables",
    "personnes_en_charge": [
      1
    ]
  }
},
{
  "model": "dashboard.tache",
  "pk": 9,
  "fields": {
    "client": 4,
    "nom": "Modifications \u00e0 apporter classeur fournisseurs",
    "date_programmee": "2021-12-20",
    "date_echeance": "2021-12-20",
    "date_realisation": null,
    "statut": 4,
    "temps_passe": "0",
    "description": "-R\u00e9cup\u00e9rer listes utilisateurs et droits\r\n-Cr\u00e9er adresse email d\u00e9pot factures comptabilite_tpn@zeenmail.com x\r\n-Verif doublon sur options avancees x\r\n-autocompletion nom chantier x\r\n-cr\u00e9er champ adresse mail en fonction du fournisseur x\r\n-Cr\u00e9ation 3 nouvelles recherches\r\n-Factures \u00e0 payer \u00e9ch\u00e9ance non d\u00e9pass\u00e9e x\r\n-Factures \u00e0 payer \u00e0 15 jours x\r\n-Factures \u00e0 payer \u00e9ch\u00e9ance d\u00e9pass\u00e9e x\r\n-Factures refus\u00e9es sans statut d'envoi ok  x",
    "personnes_en_charge": [
      1
    ]
  }
},
{
  "model": "dashboard.contact",
  "pk": 1,
  "fields": {
    "client": 1,
    "nom": "ZELAZNICK",
    "prenom": "David",
    "email": "david.zelaznick@able.fr",
    "tel": "03.88.55.57.14/06.20.14.94.76",
    "notes": "Direction"
  }
},
{
  "model": "dashboard.contact",
  "pk": 2,
  "fields": {
    "client": 2,
    "nom": "AUGUSTINE",
    "prenom": "Lucie",
    "email": "laugustine@bredok.com",
    "tel": "03.88.05.33.11",
    "notes": null
  }
},
{
  "model": "dashboard.contact",
  "pk": 3,
  "fields": {
    "client": 4,
    "nom": "TAPAN",
    "prenom": "Guillaume",
    "email": "g.tapan@tpn-btp.fr",
    "tel": "06.51.18.40.92",
    "notes": null
  }
},
{
  "model": "dashboard.contact",
  "pk": 4,
  "fields": {
    "client": 3,
    "nom": "HAHN",
    "prenom": "Richard",
    "email": "r.hahn@eurologistic-france.fr",
    "tel": "03.88.79.05.63",
    "notes": null
  }
},
{
  "model": "dashboard.contact",
  "pk": 5,
  "fields": {
    "client": 14,
    "nom": "PHAM-VU",
    "prenom": "Thu-Huong",
    "email": "thuhuong.phamvu@jbthiery.asso.fr",
    "tel": "03.83.17.41.91",
    "notes": null
  }
},
{
  "model": "dashboard.contact",
  "pk": 6,
  "fields": {
    "client": 8,
    "nom": "CRIQUI",
    "prenom": "Elodie",
    "email": "ecriqui@alcaexpert.com",
    "tel": "03.88.78.40.36",
    "notes": null
  }
},
{
  "model": "dashboard.contact",
  "pk": 7,
  "fields": {
    "client": 20,
    "nom": "SIMON",
    "prenom": "Christine",
    "email": "christine.simon@fein.fr",
    "tel": "03.88.71.56.69/06.30.03.46.84",
    "notes": "service rh"
  }
},
{
  "model": "dashboard.contact",
  "pk": 8,
  "fields": {
    "client": 20,
    "nom": "BERNHARD",
    "prenom": "Delphine",
    "email": "delphine.bernhard@fein.fr",
    "tel": "03.88.71.56.68",
    "notes": null
  }
},
{
  "model": "dashboard.contact",
  "pk": 9,
  "fields": {
    "client": 13,
    "nom": "THUET",
    "prenom": "Fanny",
    "email": "accueil@espaces-paysagers.fr",
    "tel": "03.88.78.87.02",
    "notes": null
  }
},
{
  "model": "dashboard.contact",
  "pk": 10,
  "fields": {
    "client": 12,
    "nom": "KOEHL",
    "prenom": "Freddy",
    "email": "freddy.koehl@espacecasher.com",
    "tel": "03.88.19.98.81",
    "notes": null
  }
},
{
  "model": "dashboard.contact",
  "pk": 11,
  "fields": {
    "client": 5,
    "nom": "FORESE",
    "prenom": "Sylvie",
    "email": "sylvie.forese@tryad.fr",
    "tel": null,
    "notes": null
  }
},
{
  "model": "dashboard.contact",
  "pk": 12,
  "fields": {
    "client": 5,
    "nom": "FLICK",
    "prenom": "Nathalie",
    "email": "nathalie.flick@tryad.fr",
    "tel": "03.88.64.43.80",
    "notes": null
  }
},
{
  "model": "dashboard.contact",
  "pk": 13,
  "fields": {
    "client": 5,
    "nom": "HOLZINGER",
    "prenom": "Nathalie",
    "email": "info@tryad.fr",
    "tel": null,
    "notes": null
  }
},
{
  "model": "dashboard.contact",
  "pk": 14,
  "fields": {
    "client": 22,
    "nom": "LOUSTAU",
    "prenom": "Katia",
    "email": "katia.loustau@logic-sas.com",
    "tel": "06.43.32.66.83",
    "notes": "Assistante chef de projet"
  }
},
{
  "model": "dashboard.contact",
  "pk": 15,
  "fields": {
    "client": 23,
    "nom": "THIEBAUT",
    "prenom": "Virginie",
    "email": "compta.absecurite@orange.fr",
    "tel": "03.29.81.14.77",
    "notes": "Comptable"
  }
},
{
  "model": "dashboard.typeechange",
  "pk": 1,
  "fields": {
    "type_echange": "R\u00e9cup\u00e9ration informations"
  }
},
{
  "model": "dashboard.typeechange",
  "pk": 2,
  "fields": {
    "type_echange": "Prise de contact"
  }
},
{
  "model": "dashboard.echange",
  "pk": 5,
  "fields": {
    "contact": 1,
    "date": "2021-12-08",
    "heure": "09:30:00",
    "type_echange": 1,
    "statut": 4,
    "notes": "Premi\u00e8re prise de contact, r\u00e9cup\u00e9ration informations.\r\nPb informatique, r\u00e9union report\u00e9e."
  }
},
{
  "model": "dashboard.echange",
  "pk": 6,
  "fields": {
    "contact": 2,
    "date": "2021-12-09",
    "heure": "09:30:00",
    "type_echange": 2,
    "statut": 4,
    "notes": "Demander infos pour passerelle comptable et personnalisations mails.\r\n\r\nDur\u00e9e : 2h\r\n\r\n- Cr\u00e9ation de 3 classeurs fournisseurs -> avec 3 passerelles comptables\r\nBREDOK BREDOK PRO et TERACOLOR\r\n- Logiciel comptable EBP\r\n- Cr\u00e9ation modele facture client\r\n- Demande cr\u00e9ation passerelle comptable classeur clients E/facture pour bredok-pro"
  }
},
{
  "model": "dashboard.echange",
  "pk": 7,
  "fields": {
    "contact": 3,
    "date": "2021-12-08",
    "heure": "11:00:00",
    "type_echange": 2,
    "statut": 4,
    "notes": "Prise de contact initiale."
  }
},
{
  "model": "dashboard.echange",
  "pk": 8,
  "fields": {
    "contact": 3,
    "date": "2021-12-17",
    "heure": "10:00:00",
    "type_echange": 1,
    "statut": 4,
    "notes": "Prise de contact initiale.\r\nR\u00e9cup\u00e9ration infos.\r\n\r\nModifications \u00e0 faire sur l'armoire.\r\n-R\u00e9cup\u00e9rer listes utilisateurs et droits\r\n-Cr\u00e9er adresse email d\u00e9pot factures comptabilite_tpn@zeenmail.com\r\n-Verif doublon sur options avancees\r\n-autocompletion nom chantier\r\n-cr\u00e9er champ adresse mail en fonction du fournisseur\r\n-Cr\u00e9ation 3 nouvelles recherches\r\n-Factures \u00e0 payer \u00e9ch\u00e9ance non d\u00e9pass\u00e9e\r\n-Factures \u00e0 payer \u00e0 15 jours\r\n-Factures \u00e0 payer \u00e9ch\u00e9ance d\u00e9pass\u00e9e\r\n-Factures refus\u00e9es sans statut d'envoi ok"
  }
},
{
  "model": "dashboard.echange",
  "pk": 9,
  "fields": {
    "contact": 1,
    "date": "2021-12-16",
    "heure": "10:00:00",
    "type_echange": 1,
    "statut": 4,
    "notes": "Pr\u00e9sentation Zoom et r\u00e9cup\u00e9ration informations"
  }
},
{
  "model": "dashboard.echange",
  "pk": 10,
  "fields": {
    "contact": 14,
    "date": "2021-12-15",
    "heure": "10:49:09",
    "type_echange": 1,
    "statut": 4,
    "notes": "Demande liste utilisateurs\r\nDemande rdv pour r\u00e9union zoom"
  }
},
{
  "model": "dashboard.echange",
  "pk": 11,
  "fields": {
    "contact": 15,
    "date": "2021-12-15",
    "heure": "11:00:08",
    "type_echange": 2,
    "statut": 3,
    "notes": "Prise de contact pour rdv r\u00e9union de pr\u00e9sentation."
  }
},
{
  "model": "dashboard.echange",
  "pk": 12,
  "fields": {
    "contact": 14,
    "date": "2021-12-22",
    "heure": "14:00:00",
    "type_echange": 1,
    "statut": 3,
    "notes": "Pr\u00e9sentation zeendoc"
  }
}
]
