[
{
    "model": "dashboard.typeprestation",
    "pk": 1,
    "fields": {
        "type_prestation": "Passerelle comptable"
    }
},
{
    "model": "dashboard.typeprestation",
    "pk": 2,
    "fields": {
        "type_prestation": "Personnalisation des emails"
    }
},
{
    "model": "dashboard.typeprestation",
    "pk": 3,
    "fields": {
        "type_prestation": "Pack signature"
    }
},
{
    "model": "dashboard.typeprestation",
    "pk": 4,
    "fields": {
        "type_prestation": "Envoi coffre fort num\u00e9rique"
    }
},
{
    "model": "dashboard.flux",
    "pk": 2,
    "fields": {
        "flux": "flux"
    }
},
{
    "model": "dashboard.flux",
    "pk": 3,
    "fields": {
        "flux": "documents"
    }
},
{
    "model": "dashboard.categorieforfait",
    "pk": 1,
    "fields": {
        "categorie_forfait": "Forfait flux 3ans 3Go/an",
        "duree": 3,
        "flux": 2,
        "volume": "3.0"
    }
},
{
    "model": "dashboard.categorieforfait",
    "pk": 2,
    "fields": {
        "categorie_forfait": "Forfait flux 5ans 3Go/an",
        "duree": 5,
        "flux": 2,
        "volume": "3.0"
    }
},
{
    "model": "dashboard.categorieforfait",
    "pk": 3,
    "fields": {
        "categorie_forfait": "Forfait flux 5ans 1.5Go/an",
        "duree": 5,
        "flux": 2,
        "volume": "1.5"
    }
},
{
    "model": "dashboard.categorieforfait",
    "pk": 4,
    "fields": {
        "categorie_forfait": "Forfait flux 3ans 0.5Go/an",
        "duree": 3,
        "flux": 2,
        "volume": "0.5"
    }
},
{
    "model": "dashboard.categorieforfait",
    "pk": 5,
    "fields": {
        "categorie_forfait": "Forfait flux 3ans 3000 docs/an",
        "duree": 3,
        "flux": 3,
        "volume": "300.0"
    }
},
{
    "model": "dashboard.categorieforfait",
    "pk": 6,
    "fields": {
        "categorie_forfait": "Forfait flux 5ans 3000 docs/an",
        "duree": 5,
        "flux": 3,
        "volume": "300.0"
    }
},
{
    "model": "dashboard.categorieforfait",
    "pk": 7,
    "fields": {
        "categorie_forfait": "flux 5 ans 1200 docs/an",
        "duree": 5,
        "flux": 3,
        "volume": "120.0"
    }
},
{
    "model": "dashboard.categorieforfait",
    "pk": 8,
    "fields": {
        "categorie_forfait": "flux 5ans 5Go/an",
        "duree": 5,
        "flux": 2,
        "volume": "5.0"
    }
},
{
    "model": "dashboard.client",
    "pk": 1,
    "fields": {
        "nom": "ABLE SAS",
        "num_armoire": "15218",
        "adresse1": "7, rue du THAL",
        "adresse2": "",
        "code_postal": "67210",
        "ville": "OBERNAI",
        "revendeur": null
    }
},
{
    "model": "dashboard.client",
    "pk": 2,
    "fields": {
        "nom": "BREDOK PRO",
        "num_armoire": "15242",
        "adresse1": "9, rue du Ried",
        "adresse2": "Z.I du Ried",
        "code_postal": "67590",
        "ville": "SCHWEIGHOUSE SUR MODER",
        "revendeur": null
    }
},
{
    "model": "dashboard.client",
    "pk": 3,
    "fields": {
        "nom": "EUROLOGISTIC FRANCE",
        "num_armoire": "15243",
        "adresse1": "12, rue de CHERBOURG",
        "adresse2": "",
        "code_postal": "67100",
        "ville": "STRASBOURG",
        "revendeur": null
    }
},
{
    "model": "dashboard.client",
    "pk": 4,
    "fields": {
        "nom": "TPN",
        "num_armoire": "15454",
        "adresse1": "135, rue du Mar\u00e9chal FOCH",
        "adresse2": "",
        "code_postal": "67380",
        "ville": "LINGOLSHEIM",
        "revendeur": null
    }
},
{
    "model": "dashboard.client",
    "pk": 5,
    "fields": {
        "nom": "TRYAD CONSEIL",
        "num_armoire": "14793",
        "adresse1": "8, rue de l'industrie",
        "adresse2": "",
        "code_postal": "67114",
        "ville": "ESCHAU",
        "revendeur": null
    }
},
{
    "model": "dashboard.client",
    "pk": 6,
    "fields": {
        "nom": "ENTREPRISE GROSS",
        "num_armoire": "14008",
        "adresse1": "Rue de la vieille Bruche",
        "adresse2": "",
        "code_postal": "67130",
        "ville": "LUTZELHOUSE",
        "revendeur": null
    }
},
{
    "model": "dashboard.client",
    "pk": 7,
    "fields": {
        "nom": "REHA PLUS",
        "num_armoire": "13511",
        "adresse1": "38, rue du foss\u00e9 Riepberg",
        "adresse2": "",
        "code_postal": "67100",
        "ville": "STRASBOURG",
        "revendeur": null
    }
},
{
    "model": "dashboard.client",
    "pk": 8,
    "fields": {
        "nom": "ALCA",
        "num_armoire": "13386",
        "adresse1": "4, rue Jean Monnet",
        "adresse2": "",
        "code_postal": "67201",
        "ville": "ECKBOLSHEIM",
        "revendeur": null
    }
},
{
    "model": "dashboard.client",
    "pk": 9,
    "fields": {
        "nom": "RUFFY JEAN-LUC-SARL",
        "num_armoire": "12407",
        "adresse1": "4, Lieu-dit Breitnacker",
        "adresse2": "",
        "code_postal": "67250",
        "ville": "INGOLSHEIM",
        "revendeur": null
    }
},
{
    "model": "dashboard.client",
    "pk": 10,
    "fields": {
        "nom": "MCN SARL",
        "num_armoire": "12404",
        "adresse1": "Zone Artisanale \r\n4, rue du Sandholz",
        "adresse2": "BP 30105",
        "code_postal": "67110",
        "ville": "NIEDERBRONN LES BAINS",
        "revendeur": null
    }
},
{
    "model": "dashboard.client",
    "pk": 11,
    "fields": {
        "nom": "MAISON_WUNSCHEL",
        "num_armoire": "12216",
        "adresse1": "25, rue du G\u00e9n\u00e9ral de Gaulle",
        "adresse2": "",
        "code_postal": "67116",
        "ville": "REICHSTETT",
        "revendeur": null
    }
},
{
    "model": "dashboard.client",
    "pk": 12,
    "fields": {
        "nom": "ESPACE_CASHER",
        "num_armoire": "12041",
        "adresse1": "20, rue Sellenick",
        "adresse2": "",
        "code_postal": "67000",
        "ville": "STRASBOURG",
        "revendeur": null
    }
},
{
    "model": "dashboard.client",
    "pk": 13,
    "fields": {
        "nom": "ESPACE PAYSAGERS",
        "num_armoire": "11240",
        "adresse1": "173, rue du Mar\u00e9chal Foch",
        "adresse2": "",
        "code_postal": "67380",
        "ville": "LINGOLSHEIM",
        "revendeur": null
    }
},
{
    "model": "dashboard.client",
    "pk": 14,
    "fields": {
        "nom": "ASSOCIATION JEAN BAPTISTE THIERY",
        "num_armoire": "10752",
        "adresse1": "13, rue de la r\u00e9publique",
        "adresse2": "",
        "code_postal": "54320",
        "ville": "MAXEVILLE",
        "revendeur": null
    }
},
{
    "model": "dashboard.client",
    "pk": 15,
    "fields": {
        "nom": "THIERRY MULLER ESPACE VERT",
        "num_armoire": "10667",
        "adresse1": "10, rue du commerce",
        "adresse2": "",
        "code_postal": "67118",
        "ville": "GEISPOLSHEIM",
        "revendeur": null
    }
},
{
    "model": "dashboard.client",
    "pk": 16,
    "fields": {
        "nom": "SIMSE IMAGERIE MED STRASBOURG",
        "num_armoire": "10554",
        "adresse1": "2, place de l'Eglise",
        "adresse2": "",
        "code_postal": "67300",
        "ville": "SCHILTIGHEIM",
        "revendeur": null
    }
},
{
    "model": "dashboard.client",
    "pk": 17,
    "fields": {
        "nom": "EHPAD MAISON RETRAITE SAINT JOSEPH",
        "num_armoire": "10511",
        "adresse1": "113, avenue de Strasbourg",
        "adresse2": "",
        "code_postal": "54000",
        "ville": "NANCY",
        "revendeur": null
    }
},
{
    "model": "dashboard.client",
    "pk": 18,
    "fields": {
        "nom": "LE PIN PARASOL",
        "num_armoire": "9177",
        "adresse1": "2a route de Brumath",
        "adresse2": "",
        "code_postal": "67450",
        "ville": "MUNDOLSHEIM",
        "revendeur": null
    }
},
{
    "model": "dashboard.client",
    "pk": 19,
    "fields": {
        "nom": "SOC ALSATIENNE DE PARATONNERRES",
        "num_armoire": "9176",
        "adresse1": "21, rue de l'Engelbreit",
        "adresse2": "",
        "code_postal": "67200",
        "ville": "STRASBOURG",
        "revendeur": null
    }
},
{
    "model": "dashboard.client",
    "pk": 20,
    "fields": {
        "nom": "FEIN FRANCE",
        "num_armoire": "8887",
        "adresse1": "18, rue d'Ottersviller",
        "adresse2": "",
        "code_postal": "67700",
        "ville": "SAVERNE",
        "revendeur": null
    }
},
{
    "model": "dashboard.client",
    "pk": 21,
    "fields": {
        "nom": "BIOVALLEY FRANCE",
        "num_armoire": "6997",
        "adresse1": "Parc Innovation",
        "adresse2": "550 bld Gonthier d'Andernach",
        "code_postal": "67400",
        "ville": "ILLKIRCH GRAFFENSTADEN",
        "revendeur": null
    }
},
{
    "model": "dashboard.forfait",
    "pk": 3,
    "fields": {
        "date_commande": "2021-12-23",
        "client": 3,
        "categorie_forfait": 4
    }
},
{
    "model": "dashboard.forfait",
    "pk": 4,
    "fields": {
        "date_commande": "2021-12-23",
        "client": 2,
        "categorie_forfait": 2
    }
},
{
    "model": "dashboard.forfait",
    "pk": 5,
    "fields": {
        "date_commande": "2021-12-23",
        "client": 1,
        "categorie_forfait": 2
    }
},
{
    "model": "dashboard.forfait",
    "pk": 6,
    "fields": {
        "date_commande": "2021-12-07",
        "client": 4,
        "categorie_forfait": 3
    }
},
{
    "model": "dashboard.forfait",
    "pk": 7,
    "fields": {
        "date_commande": "2019-05-28",
        "client": 21,
        "categorie_forfait": 5
    }
},
{
    "model": "dashboard.forfait",
    "pk": 8,
    "fields": {
        "date_commande": "2020-01-18",
        "client": 20,
        "categorie_forfait": 6
    }
},
{
    "model": "dashboard.forfait",
    "pk": 9,
    "fields": {
        "date_commande": "2020-02-23",
        "client": 19,
        "categorie_forfait": 7
    }
},
{
    "model": "dashboard.forfait",
    "pk": 10,
    "fields": {
        "date_commande": "2020-02-23",
        "client": 18,
        "categorie_forfait": 7
    }
},
{
    "model": "dashboard.forfait",
    "pk": 11,
    "fields": {
        "date_commande": "2020-08-20",
        "client": 17,
        "categorie_forfait": 3
    }
},
{
    "model": "dashboard.forfait",
    "pk": 12,
    "fields": {
        "date_commande": "2020-08-26",
        "client": 16,
        "categorie_forfait": 3
    }
},
{
    "model": "dashboard.forfait",
    "pk": 13,
    "fields": {
        "date_commande": "2020-08-25",
        "client": 15,
        "categorie_forfait": 8
    }
},
{
    "model": "dashboard.statuttache",
    "pk": 1,
    "fields": {
        "statut": "en attente"
    }
},
{
    "model": "dashboard.statuttache",
    "pk": 2,
    "fields": {
        "statut": "en cours"
    }
},
{
    "model": "dashboard.statuttache",
    "pk": 3,
    "fields": {
        "statut": "r\u00e9alis\u00e9e"
    }
},
{
    "model": "dashboard.intervenant",
    "pk": 1,
    "fields": {
        "nom": "MELIN",
        "prenom": "Thomas",
        "email": "t.melin@sisfrance.eu",
        "tag": "Tom",
        "notes": ""
    }
},
{
    "model": "dashboard.intervenant",
    "pk": 2,
    "fields": {
        "nom": "ZEENDOC",
        "prenom": "Service Passerelle",
        "email": null,
        "tag": "zeendoc passerelle",
        "notes": ""
    }
},
{
    "model": "dashboard.intervenant",
    "pk": 3,
    "fields": {
        "nom": "ZEENDOC",
        "prenom": "D\u00e9veloppements sp\u00e9cifiques",
        "email": null,
        "tag": "dev_spe",
        "notes": "Nicolas CHARRIER"
    }
},
{
    "model": "dashboard.prestation",
    "pk": 1,
    "fields": {
        "client": 2,
        "type_prestation": 1,
        "intervenant": 2,
        "date_programmee": null,
        "statut": 1
    }
},
{
    "model": "dashboard.prestation",
    "pk": 2,
    "fields": {
        "client": 2,
        "type_prestation": 2,
        "intervenant": 3,
        "date_programmee": null,
        "statut": 1
    }
},
{
    "model": "dashboard.prestation",
    "pk": 4,
    "fields": {
        "client": 2,
        "type_prestation": 3,
        "intervenant": 3,
        "date_programmee": null,
        "statut": 1
    }
},
{
    "model": "dashboard.prestation",
    "pk": 5,
    "fields": {
        "client": 1,
        "type_prestation": 2,
        "intervenant": 3,
        "date_programmee": null,
        "statut": 1
    }
},
{
    "model": "dashboard.prestation",
    "pk": 6,
    "fields": {
        "client": 4,
        "type_prestation": 2,
        "intervenant": 3,
        "date_programmee": null,
        "statut": 1
    }
},
{
    "model": "dashboard.tache",
    "pk": 2,
    "fields": {
        "client": 1,
        "nom": "R\u00e9alisation classeurs + workflow",
        "date_programmee": "2021-12-08",
        "date_echeance": "2021-12-29",
        "statut": 2,
        "temps_passe": "2",
        "description": "Cr\u00e9ation classeur Factures fournisseurs\r\nCr\u00e9ation classeur Factures clients\r\nImport utilisateurs et droits\r\nCr\u00e9ation exemple workflow",
        "personnes_en_charge": [
            1
        ]
    }
},
{
    "model": "dashboard.tache",
    "pk": 3,
    "fields": {
        "client": 2,
        "nom": "R\u00e9alisation classeurs + workflow",
        "date_programmee": "2021-12-07",
        "date_echeance": "2021-12-07",
        "statut": 2,
        "temps_passe": "2",
        "description": "",
        "personnes_en_charge": [
            1
        ]
    }
},
{
    "model": "dashboard.tache",
    "pk": 4,
    "fields": {
        "client": 4,
        "nom": "R\u00e9alisation classeurs",
        "date_programmee": "2021-12-07",
        "date_echeance": "2021-12-24",
        "statut": 2,
        "temps_passe": "1h",
        "description": "Classeur Factures fournisseurs\r\nClasseur Facture clients",
        "personnes_en_charge": [
            1
        ]
    }
},
{
    "model": "dashboard.contact",
    "pk": 1,
    "fields": {
        "client": 1,
        "nom": "ZELAZNICK",
        "prenom": "David",
        "email": "david.zelaznick@able.fr",
        "tel": "03.88.55.57.14/06.20.14.94.76",
        "notes": "Direction"
    }
},
{
    "model": "dashboard.contact",
    "pk": 2,
    "fields": {
        "client": 2,
        "nom": "AUGUSTINE",
        "prenom": "Lucie",
        "email": "laugustine@bredok.com",
        "tel": "03.88.05.33.11",
        "notes": null
    }
},
{
    "model": "dashboard.contact",
    "pk": 3,
    "fields": {
        "client": 4,
        "nom": "TAPAN",
        "prenom": "Guillaume",
        "email": "g.tapan@tpn-btp.fr",
        "tel": "06.51.18.40.92",
        "notes": null
    }
},
{
    "model": "dashboard.contact",
    "pk": 4,
    "fields": {
        "client": 3,
        "nom": "HAHN",
        "prenom": "Richard",
        "email": "r.hahn@eurologistic-france.fr",
        "tel": "03.88.79.05.63",
        "notes": null
    }
},
{
    "model": "dashboard.typeechange",
    "pk": 1,
    "fields": {
        "type_echange": "R\u00e9cup\u00e9ration informations"
    }
},
{
    "model": "dashboard.typeechange",
    "pk": 2,
    "fields": {
        "type_echange": "Prise de contact"
    }
},
{
    "model": "dashboard.echange",
    "pk": 5,
    "fields": {
        "contact": 1,
        "date": "2021-12-08",
        "heure": "09:30:00",
        "type_echange": 1,
        "notes": "Premi\u00e8re prise de contact, r\u00e9cup\u00e9ration informations."
    }
},
{
    "model": "dashboard.echange",
    "pk": 6,
    "fields": {
        "contact": 2,
        "date": "2021-12-09",
        "heure": "09:30:00",
        "type_echange": 2,
        "notes": "Demander infos pour passerelle comptable et personnalisations mails.\r\n\r\nDur\u00e9e : 2h\r\n\r\n- Cr\u00e9ation de 3 classeurs fournisseurs -> avec 3 passerelles comptables\r\nBREDOK BREDOK PRO et TERACOLOR\r\n- Logiciel comptable EBP\r\n- Cr\u00e9ation modele facture client\r\n- Demande cr\u00e9ation passerelle comptable classeur clients E/facture pour bredok-pro"
    }
},
{
    "model": "dashboard.echange",
    "pk": 7,
    "fields": {
        "contact": 3,
        "date": "2021-12-08",
        "heure": "11:00:00",
        "type_echange": 2,
        "notes": "Prise de contact initiale."
    }
}
]
