[
{
  "model": "contenttypes.contenttype",
  "pk": 1,
  "fields": {
    "app_label": "admin",
    "model": "logentry"
  }
},
{
  "model": "contenttypes.contenttype",
  "pk": 2,
  "fields": {
    "app_label": "auth",
    "model": "permission"
  }
},
{
  "model": "contenttypes.contenttype",
  "pk": 3,
  "fields": {
    "app_label": "auth",
    "model": "group"
  }
},
{
  "model": "contenttypes.contenttype",
  "pk": 4,
  "fields": {
    "app_label": "auth",
    "model": "user"
  }
},
{
  "model": "contenttypes.contenttype",
  "pk": 5,
  "fields": {
    "app_label": "contenttypes",
    "model": "contenttype"
  }
},
{
  "model": "contenttypes.contenttype",
  "pk": 6,
  "fields": {
    "app_label": "sessions",
    "model": "session"
  }
},
{
  "model": "contenttypes.contenttype",
  "pk": 7,
  "fields": {
    "app_label": "dashboard",
    "model": "categorieforfait"
  }
},
{
  "model": "contenttypes.contenttype",
  "pk": 8,
  "fields": {
    "app_label": "dashboard",
    "model": "client"
  }
},
{
  "model": "contenttypes.contenttype",
  "pk": 9,
  "fields": {
    "app_label": "dashboard",
    "model": "contact"
  }
},
{
  "model": "contenttypes.contenttype",
  "pk": 10,
  "fields": {
    "app_label": "dashboard",
    "model": "flux"
  }
},
{
  "model": "contenttypes.contenttype",
  "pk": 11,
  "fields": {
    "app_label": "dashboard",
    "model": "intervenant"
  }
},
{
  "model": "contenttypes.contenttype",
  "pk": 12,
  "fields": {
    "app_label": "dashboard",
    "model": "revendeur"
  }
},
{
  "model": "contenttypes.contenttype",
  "pk": 13,
  "fields": {
    "app_label": "dashboard",
    "model": "statuttache"
  }
},
{
  "model": "contenttypes.contenttype",
  "pk": 14,
  "fields": {
    "app_label": "dashboard",
    "model": "typeechange"
  }
},
{
  "model": "contenttypes.contenttype",
  "pk": 15,
  "fields": {
    "app_label": "dashboard",
    "model": "typeprestation"
  }
},
{
  "model": "contenttypes.contenttype",
  "pk": 16,
  "fields": {
    "app_label": "dashboard",
    "model": "tache"
  }
},
{
  "model": "contenttypes.contenttype",
  "pk": 17,
  "fields": {
    "app_label": "dashboard",
    "model": "prestation"
  }
},
{
  "model": "contenttypes.contenttype",
  "pk": 18,
  "fields": {
    "app_label": "dashboard",
    "model": "forfait"
  }
},
{
  "model": "contenttypes.contenttype",
  "pk": 19,
  "fields": {
    "app_label": "dashboard",
    "model": "echange"
  }
},
{
  "model": "contenttypes.contenttype",
  "pk": 20,
  "fields": {
    "app_label": "dashboard",
    "model": "consommation"
  }
},
{
  "model": "sessions.session",
  "pk": "61kf1uui14llsfnrihgwi9o2521sqtyf",
  "fields": {
    "session_data": "OWU3NDM1ZmRjMjFmMDdlOTY3MTQyYzQzMWQ0MjEwMmRkZjRhMDJmYzp7Il9hdXRoX3VzZXJfaWQiOiIxIiwiX2F1dGhfdXNlcl9iYWNrZW5kIjoiZGphbmdvLmNvbnRyaWIuYXV0aC5iYWNrZW5kcy5Nb2RlbEJhY2tlbmQiLCJfYXV0aF91c2VyX2hhc2giOiI4YmI0NWU1MjNlNDhmODlkZDk5ZTUyMThkZmQ4OTc1N2UwOGUyNTQxIn0=",
    "expire_date": "2022-01-27T08:35:19.633Z"
  }
},
{
  "model": "sessions.session",
  "pk": "c5xbvo40wklq17yfuej3udsd8we9b0i5",
  "fields": {
    "session_data": "M2ZjNzkyMzVhYzYzNjc4MThjNzgyYmRlNTQ4MjA1YmUxOWQxOTg3NDp7Il9hdXRoX3VzZXJfaWQiOiIxIiwiX2F1dGhfdXNlcl9iYWNrZW5kIjoiZGphbmdvLmNvbnRyaWIuYXV0aC5iYWNrZW5kcy5Nb2RlbEJhY2tlbmQiLCJfYXV0aF91c2VyX2hhc2giOiI4YmI0NWU1MjNlNDhmODlkZDk5ZTUyMThkZmQ4OTc1N2UwOGUyNTQxIiwic29ydCI6eyJmaWVsZCI6Im51bV9hcm1vaXJlIiwic2VucyI6ImRlc2MifSwibmJfaXRlbXMiOjEwLCJmaWx0cmVzIjpbeyJudW1fYXJtb2lyZV9faWNvbnRhaW5zIjoiIiwibm9tX19pY29udGFpbnMiOiJhYiJ9XSwibWVzc2FnZSI6IiIsImFjdGlvbnMiOltdfQ==",
    "expire_date": "2022-02-16T09:38:03.934Z"
  }
},
{
  "model": "sessions.session",
  "pk": "h14cb4twcb1k64u8dlhipd40zxd7jltg",
  "fields": {
    "session_data": "OWU3NDM1ZmRjMjFmMDdlOTY3MTQyYzQzMWQ0MjEwMmRkZjRhMDJmYzp7Il9hdXRoX3VzZXJfaWQiOiIxIiwiX2F1dGhfdXNlcl9iYWNrZW5kIjoiZGphbmdvLmNvbnRyaWIuYXV0aC5iYWNrZW5kcy5Nb2RlbEJhY2tlbmQiLCJfYXV0aF91c2VyX2hhc2giOiI4YmI0NWU1MjNlNDhmODlkZDk5ZTUyMThkZmQ4OTc1N2UwOGUyNTQxIn0=",
    "expire_date": "2022-01-18T15:47:40.791Z"
  }
},
{
  "model": "sessions.session",
  "pk": "j1waj5y6avj1o1hoy2bn8l0ftctg3z8i",
  "fields": {
    "session_data": "YjEyNjdlZWEzZGQ4OGJkNjcyMTVlZTZiNzYwMWJlNDFlY2Q3ZDM5NDp7Il9hdXRoX3VzZXJfaWQiOiIyIiwiX2F1dGhfdXNlcl9iYWNrZW5kIjoiZGphbmdvLmNvbnRyaWIuYXV0aC5iYWNrZW5kcy5Nb2RlbEJhY2tlbmQiLCJfYXV0aF91c2VyX2hhc2giOiIwZWVmMzY2YzcwZDVlZWM0YWVlZjJmYjc1MjhkYmU4MWU5ZDI2MWQ3In0=",
    "expire_date": "2022-01-17T14:02:19.547Z"
  }
},
{
  "model": "sessions.session",
  "pk": "qhdn0sb66mhr2tj7x8m53wuqy3f3tjc0",
  "fields": {
    "session_data": "YjEyNjdlZWEzZGQ4OGJkNjcyMTVlZTZiNzYwMWJlNDFlY2Q3ZDM5NDp7Il9hdXRoX3VzZXJfaWQiOiIyIiwiX2F1dGhfdXNlcl9iYWNrZW5kIjoiZGphbmdvLmNvbnRyaWIuYXV0aC5iYWNrZW5kcy5Nb2RlbEJhY2tlbmQiLCJfYXV0aF91c2VyX2hhc2giOiIwZWVmMzY2YzcwZDVlZWM0YWVlZjJmYjc1MjhkYmU4MWU5ZDI2MWQ3In0=",
    "expire_date": "2022-01-17T14:31:21.461Z"
  }
},
{
  "model": "dashboard.typeprestation",
  "pk": 1,
  "fields": {
    "type_prestation": "Passerelle comptable",
    "notes": null
  }
},
{
  "model": "dashboard.typeprestation",
  "pk": 2,
  "fields": {
    "type_prestation": "Personnalisation des emails",
    "notes": null
  }
},
{
  "model": "dashboard.typeprestation",
  "pk": 3,
  "fields": {
    "type_prestation": "Pack signature",
    "notes": null
  }
},
{
  "model": "dashboard.typeprestation",
  "pk": 4,
  "fields": {
    "type_prestation": "Envoi coffre fort num\u00e9rique",
    "notes": null
  }
},
{
  "model": "dashboard.flux",
  "pk": 2,
  "fields": {
    "flux": "flux"
  }
},
{
  "model": "dashboard.flux",
  "pk": 3,
  "fields": {
    "flux": "documents"
  }
},
{
  "model": "dashboard.categorieforfait",
  "pk": 1,
  "fields": {
    "categorie_forfait": "flux 3ans 3Go/an",
    "duree": 3,
    "flux": 2,
    "volume": "3.0"
  }
},
{
  "model": "dashboard.categorieforfait",
  "pk": 2,
  "fields": {
    "categorie_forfait": "flux 5ans 3Go/an",
    "duree": 5,
    "flux": 2,
    "volume": "3.0"
  }
},
{
  "model": "dashboard.categorieforfait",
  "pk": 3,
  "fields": {
    "categorie_forfait": "flux 5ans 1.5Go/an",
    "duree": 5,
    "flux": 2,
    "volume": "1.5"
  }
},
{
  "model": "dashboard.categorieforfait",
  "pk": 4,
  "fields": {
    "categorie_forfait": "flux 3ans 0.5Go/an",
    "duree": 3,
    "flux": 2,
    "volume": "0.5"
  }
},
{
  "model": "dashboard.categorieforfait",
  "pk": 5,
  "fields": {
    "categorie_forfait": "flux 3ans 3000 docs/an",
    "duree": 3,
    "flux": 3,
    "volume": "300.0"
  }
},
{
  "model": "dashboard.categorieforfait",
  "pk": 6,
  "fields": {
    "categorie_forfait": "flux 5ans 3000 docs/an",
    "duree": 5,
    "flux": 3,
    "volume": "300.0"
  }
},
{
  "model": "dashboard.categorieforfait",
  "pk": 7,
  "fields": {
    "categorie_forfait": "flux 5 ans 1200 docs/an",
    "duree": 5,
    "flux": 3,
    "volume": "120.0"
  }
},
{
  "model": "dashboard.categorieforfait",
  "pk": 8,
  "fields": {
    "categorie_forfait": "flux 5ans 5Go/an",
    "duree": 5,
    "flux": 2,
    "volume": "5.0"
  }
},
{
  "model": "dashboard.categorieforfait",
  "pk": 9,
  "fields": {
    "categorie_forfait": "flux 5ans 0.5Go/an",
    "duree": 5,
    "flux": 2,
    "volume": "0.5"
  }
},
{
  "model": "dashboard.categorieforfait",
  "pk": 10,
  "fields": {
    "categorie_forfait": "flux 5ans 9Go/an",
    "duree": 5,
    "flux": 2,
    "volume": "9.0"
  }
},
{
  "model": "dashboard.categorieforfait",
  "pk": 11,
  "fields": {
    "categorie_forfait": "Forfait temporaire",
    "duree": 0,
    "flux": 3,
    "volume": "100.0"
  }
},
{
  "model": "dashboard.revendeur",
  "pk": 1,
  "fields": {
    "nom": "SoluInfoService",
    "notes": "soluinfoservice"
  }
},
{
  "model": "dashboard.revendeur",
  "pk": 2,
  "fields": {
    "nom": "Soludoc",
    "notes": "soludoc"
  }
},
{
  "model": "dashboard.client",
  "pk": 1,
  "fields": {
    "nom": "ABLE SAS",
    "num_armoire": "15218",
    "adresse1": "7, rue du THAL",
    "adresse2": "",
    "code_postal": "67210",
    "ville": "OBERNAI",
    "revendeur": 2
  }
},
{
  "model": "dashboard.client",
  "pk": 2,
  "fields": {
    "nom": "BREDOK PRO",
    "num_armoire": "15242",
    "adresse1": "9, rue du Ried",
    "adresse2": "Z.I du Ried",
    "code_postal": "67590",
    "ville": "SCHWEIGHOUSE SUR MODER",
    "revendeur": 2
  }
},
{
  "model": "dashboard.client",
  "pk": 3,
  "fields": {
    "nom": "EUROLOGISTIC FRANCE",
    "num_armoire": "15243",
    "adresse1": "12, rue de CHERBOURG",
    "adresse2": "",
    "code_postal": "67100",
    "ville": "STRASBOURG",
    "revendeur": 2
  }
},
{
  "model": "dashboard.client",
  "pk": 4,
  "fields": {
    "nom": "TPN",
    "num_armoire": "15454",
    "adresse1": "135, rue du Mar\u00e9chal FOCH",
    "adresse2": "",
    "code_postal": "67380",
    "ville": "LINGOLSHEIM",
    "revendeur": 2
  }
},
{
  "model": "dashboard.client",
  "pk": 5,
  "fields": {
    "nom": "TRYAD CONSEIL",
    "num_armoire": "14793",
    "adresse1": "8, rue de l'industrie",
    "adresse2": "",
    "code_postal": "67114",
    "ville": "ESCHAU",
    "revendeur": 2
  }
},
{
  "model": "dashboard.client",
  "pk": 6,
  "fields": {
    "nom": "ENTREPRISE GROSS",
    "num_armoire": "14008",
    "adresse1": "Rue de la vieille Bruche",
    "adresse2": "",
    "code_postal": "67130",
    "ville": "LUTZELHOUSE",
    "revendeur": 2
  }
},
{
  "model": "dashboard.client",
  "pk": 7,
  "fields": {
    "nom": "REHA PLUS",
    "num_armoire": "13511",
    "adresse1": "38, rue du foss\u00e9 Riepberg",
    "adresse2": "",
    "code_postal": "67100",
    "ville": "STRASBOURG",
    "revendeur": 2
  }
},
{
  "model": "dashboard.client",
  "pk": 8,
  "fields": {
    "nom": "ALCA",
    "num_armoire": "13386",
    "adresse1": "4, rue Jean Monnet",
    "adresse2": "",
    "code_postal": "67201",
    "ville": "ECKBOLSHEIM",
    "revendeur": 2
  }
},
{
  "model": "dashboard.client",
  "pk": 9,
  "fields": {
    "nom": "RUFFY JEAN-LUC-SARL",
    "num_armoire": "12407",
    "adresse1": "4, Lieu-dit Breitnacker",
    "adresse2": "",
    "code_postal": "67250",
    "ville": "INGOLSHEIM",
    "revendeur": 2
  }
},
{
  "model": "dashboard.client",
  "pk": 10,
  "fields": {
    "nom": "MCN SARL",
    "num_armoire": "12404",
    "adresse1": "Zone Artisanale \r\n4, rue du Sandholz",
    "adresse2": "BP 30105",
    "code_postal": "67110",
    "ville": "NIEDERBRONN LES BAINS",
    "revendeur": 2
  }
},
{
  "model": "dashboard.client",
  "pk": 11,
  "fields": {
    "nom": "MAISON_WUNSCHEL",
    "num_armoire": "12216",
    "adresse1": "25, rue du G\u00e9n\u00e9ral de Gaulle",
    "adresse2": "",
    "code_postal": "67116",
    "ville": "REICHSTETT",
    "revendeur": 2
  }
},
{
  "model": "dashboard.client",
  "pk": 12,
  "fields": {
    "nom": "ESPACE_CASHER",
    "num_armoire": "12041",
    "adresse1": "20, rue Sellenick",
    "adresse2": "",
    "code_postal": "67000",
    "ville": "STRASBOURG",
    "revendeur": 2
  }
},
{
  "model": "dashboard.client",
  "pk": 13,
  "fields": {
    "nom": "ESPACE PAYSAGERS",
    "num_armoire": "11240",
    "adresse1": "173, rue du Mar\u00e9chal Foch",
    "adresse2": "",
    "code_postal": "67380",
    "ville": "LINGOLSHEIM",
    "revendeur": 2
  }
},
{
  "model": "dashboard.client",
  "pk": 14,
  "fields": {
    "nom": "ASSOCIATION JEAN BAPTISTE THIERY",
    "num_armoire": "10752",
    "adresse1": "13, rue de la r\u00e9publique",
    "adresse2": "",
    "code_postal": "54320",
    "ville": "MAXEVILLE",
    "revendeur": 1
  }
},
{
  "model": "dashboard.client",
  "pk": 15,
  "fields": {
    "nom": "THIERRY MULLER ESPACE VERT",
    "num_armoire": "10667",
    "adresse1": "10, rue du commerce",
    "adresse2": "",
    "code_postal": "67118",
    "ville": "GEISPOLSHEIM",
    "revendeur": 2
  }
},
{
  "model": "dashboard.client",
  "pk": 16,
  "fields": {
    "nom": "SIMSE IMAGERIE MED STRASBOURG",
    "num_armoire": "10554",
    "adresse1": "2, place de l'Eglise",
    "adresse2": "",
    "code_postal": "67300",
    "ville": "SCHILTIGHEIM",
    "revendeur": 2
  }
},
{
  "model": "dashboard.client",
  "pk": 17,
  "fields": {
    "nom": "EHPAD MAISON RETRAITE SAINT JOSEPH",
    "num_armoire": "10511",
    "adresse1": "113, avenue de Strasbourg",
    "adresse2": "",
    "code_postal": "54000",
    "ville": "NANCY",
    "revendeur": 1
  }
},
{
  "model": "dashboard.client",
  "pk": 18,
  "fields": {
    "nom": "LE PIN PARASOL",
    "num_armoire": "9177",
    "adresse1": "2a route de Brumath",
    "adresse2": "",
    "code_postal": "67450",
    "ville": "MUNDOLSHEIM",
    "revendeur": 2
  }
},
{
  "model": "dashboard.client",
  "pk": 19,
  "fields": {
    "nom": "SOC ALSACIENNE DE PARATONNERRES",
    "num_armoire": "9176",
    "adresse1": "21, rue de l'Engelbreit",
    "adresse2": "",
    "code_postal": "67200",
    "ville": "STRASBOURG",
    "revendeur": 2
  }
},
{
  "model": "dashboard.client",
  "pk": 20,
  "fields": {
    "nom": "FEIN FRANCE",
    "num_armoire": "8887",
    "adresse1": "18, rue d'Ottersviller",
    "adresse2": "",
    "code_postal": "67700",
    "ville": "SAVERNE",
    "revendeur": 2
  }
},
{
  "model": "dashboard.client",
  "pk": 21,
  "fields": {
    "nom": "BIOVALLEY FRANCE",
    "num_armoire": "6997",
    "adresse1": "Parc Innovation",
    "adresse2": "550 bld Gonthier d'Andernach",
    "code_postal": "67400",
    "ville": "ILLKIRCH GRAFFENSTADEN",
    "revendeur": 2
  }
},
{
  "model": "dashboard.client",
  "pk": 22,
  "fields": {
    "nom": "LOGIC-SAS",
    "num_armoire": "15514",
    "adresse1": "24, avenue FOCH",
    "adresse2": "",
    "code_postal": "54270",
    "ville": "ESSEY LES NANCY",
    "revendeur": 1
  }
},
{
  "model": "dashboard.client",
  "pk": 23,
  "fields": {
    "nom": "AB SECURITE",
    "num_armoire": "15557",
    "adresse1": "6, all\u00e9e des Erables",
    "adresse2": "",
    "code_postal": "88000",
    "ville": "Epinal",
    "revendeur": 1
  }
},
{
  "model": "dashboard.forfait",
  "pk": 3,
  "fields": {
    "date_commande": "2021-12-23",
    "client": 3,
    "categorie_forfait": 4
  }
},
{
  "model": "dashboard.forfait",
  "pk": 4,
  "fields": {
    "date_commande": "2021-12-23",
    "client": 2,
    "categorie_forfait": 2
  }
},
{
  "model": "dashboard.forfait",
  "pk": 5,
  "fields": {
    "date_commande": "2021-12-23",
    "client": 1,
    "categorie_forfait": 2
  }
},
{
  "model": "dashboard.forfait",
  "pk": 6,
  "fields": {
    "date_commande": "2021-12-07",
    "client": 4,
    "categorie_forfait": 3
  }
},
{
  "model": "dashboard.forfait",
  "pk": 7,
  "fields": {
    "date_commande": "2019-05-28",
    "client": 21,
    "categorie_forfait": 5
  }
},
{
  "model": "dashboard.forfait",
  "pk": 8,
  "fields": {
    "date_commande": "2020-01-18",
    "client": 20,
    "categorie_forfait": 6
  }
},
{
  "model": "dashboard.forfait",
  "pk": 9,
  "fields": {
    "date_commande": "2020-02-23",
    "client": 19,
    "categorie_forfait": 7
  }
},
{
  "model": "dashboard.forfait",
  "pk": 10,
  "fields": {
    "date_commande": "2020-02-23",
    "client": 18,
    "categorie_forfait": 7
  }
},
{
  "model": "dashboard.forfait",
  "pk": 11,
  "fields": {
    "date_commande": "2020-08-20",
    "client": 17,
    "categorie_forfait": 3
  }
},
{
  "model": "dashboard.forfait",
  "pk": 12,
  "fields": {
    "date_commande": "2020-08-26",
    "client": 16,
    "categorie_forfait": 3
  }
},
{
  "model": "dashboard.forfait",
  "pk": 13,
  "fields": {
    "date_commande": "2020-08-25",
    "client": 15,
    "categorie_forfait": 8
  }
},
{
  "model": "dashboard.forfait",
  "pk": 14,
  "fields": {
    "date_commande": "2021-11-17",
    "client": 5,
    "categorie_forfait": 2
  }
},
{
  "model": "dashboard.forfait",
  "pk": 15,
  "fields": {
    "date_commande": "2021-08-21",
    "client": 6,
    "categorie_forfait": 3
  }
},
{
  "model": "dashboard.forfait",
  "pk": 16,
  "fields": {
    "date_commande": "2021-07-07",
    "client": 7,
    "categorie_forfait": 3
  }
},
{
  "model": "dashboard.forfait",
  "pk": 17,
  "fields": {
    "date_commande": "2021-06-26",
    "client": 8,
    "categorie_forfait": 2
  }
},
{
  "model": "dashboard.forfait",
  "pk": 18,
  "fields": {
    "date_commande": "2021-03-21",
    "client": 9,
    "categorie_forfait": 9
  }
},
{
  "model": "dashboard.forfait",
  "pk": 19,
  "fields": {
    "date_commande": "2021-03-21",
    "client": 10,
    "categorie_forfait": 9
  }
},
{
  "model": "dashboard.forfait",
  "pk": 20,
  "fields": {
    "date_commande": "2021-03-02",
    "client": 11,
    "categorie_forfait": 3
  }
},
{
  "model": "dashboard.forfait",
  "pk": 21,
  "fields": {
    "date_commande": "2021-02-17",
    "client": 12,
    "categorie_forfait": 3
  }
},
{
  "model": "dashboard.forfait",
  "pk": 22,
  "fields": {
    "date_commande": "2020-11-22",
    "client": 13,
    "categorie_forfait": 2
  }
},
{
  "model": "dashboard.forfait",
  "pk": 23,
  "fields": {
    "date_commande": "2020-10-03",
    "client": 14,
    "categorie_forfait": 10
  }
},
{
  "model": "dashboard.forfait",
  "pk": 24,
  "fields": {
    "date_commande": "2021-12-10",
    "client": 22,
    "categorie_forfait": 11
  }
},
{
  "model": "dashboard.forfait",
  "pk": 25,
  "fields": {
    "date_commande": "2021-12-15",
    "client": 23,
    "categorie_forfait": 11
  }
},
{
  "model": "dashboard.statuttache",
  "pk": 1,
  "fields": {
    "statut": "\u00e0 programmer",
    "color": "EE5A51"
  }
},
{
  "model": "dashboard.statuttache",
  "pk": 2,
  "fields": {
    "statut": "en attente",
    "color": "FDBD05"
  }
},
{
  "model": "dashboard.statuttache",
  "pk": 3,
  "fields": {
    "statut": "en cours",
    "color": "F2F431"
  }
},
{
  "model": "dashboard.statuttache",
  "pk": 4,
  "fields": {
    "statut": "r\u00e9alis\u00e9e",
    "color": "70CE36"
  }
},
{
  "model": "dashboard.intervenant",
  "pk": 1,
  "fields": {
    "nom": "MELIN",
    "prenom": "Thomas",
    "email": "t.melin@sisfrance.eu",
    "tag": "Tom",
    "notes": ""
  }
},
{
  "model": "dashboard.intervenant",
  "pk": 2,
  "fields": {
    "nom": "ZEENDOC",
    "prenom": "Service Passerelle",
    "email": null,
    "tag": "zeendoc passerelle",
    "notes": ""
  }
},
{
  "model": "dashboard.intervenant",
  "pk": 3,
  "fields": {
    "nom": "ZEENDOC",
    "prenom": "D\u00e9veloppements sp\u00e9cifiques",
    "email": null,
    "tag": "dev_spe",
    "notes": "Nicolas CHARRIER"
  }
},
{
  "model": "dashboard.prestation",
  "pk": 1,
  "fields": {
    "client": 2,
    "type_prestation": 1,
    "intervenant": 2,
    "date_programmee": "2022-01-12",
    "date_realisation": null,
    "statut": 3,
    "notes": "coordinateur passerelle: l.marey@zeendoc.com"
  }
},
{
  "model": "dashboard.prestation",
  "pk": 2,
  "fields": {
    "client": 2,
    "type_prestation": 2,
    "intervenant": 3,
    "date_programmee": null,
    "date_realisation": null,
    "statut": 1,
    "notes": null
  }
},
{
  "model": "dashboard.prestation",
  "pk": 4,
  "fields": {
    "client": 2,
    "type_prestation": 3,
    "intervenant": 3,
    "date_programmee": null,
    "date_realisation": null,
    "statut": 1,
    "notes": null
  }
},
{
  "model": "dashboard.prestation",
  "pk": 5,
  "fields": {
    "client": 1,
    "type_prestation": 2,
    "intervenant": 3,
    "date_programmee": null,
    "date_realisation": null,
    "statut": 1,
    "notes": null
  }
},
{
  "model": "dashboard.prestation",
  "pk": 6,
  "fields": {
    "client": 4,
    "type_prestation": 2,
    "intervenant": 3,
    "date_programmee": null,
    "date_realisation": null,
    "statut": 1,
    "notes": null
  }
},
{
  "model": "dashboard.prestation",
  "pk": 7,
  "fields": {
    "client": 22,
    "type_prestation": 1,
    "intervenant": 2,
    "date_programmee": "2022-02-09",
    "date_realisation": null,
    "statut": 2,
    "notes": "logiciel de compta : Comptabilit\u00e9Expert Version 21.0.1.22\r\nplan comptable : ok\r\n\r\nModification des champs label des ventilations\r\n\r\nAttente des comptes tiers.\r\n\r\nresponsable thomas hugon : t.hugon@zeendoc.com"
  }
},
{
  "model": "dashboard.prestation",
  "pk": 8,
  "fields": {
    "client": 23,
    "type_prestation": 4,
    "intervenant": 3,
    "date_programmee": null,
    "date_realisation": null,
    "statut": 1,
    "notes": ""
  }
},
{
  "model": "dashboard.prestation",
  "pk": 9,
  "fields": {
    "client": 5,
    "type_prestation": 2,
    "intervenant": 3,
    "date_programmee": "2022-01-05",
    "date_realisation": null,
    "statut": 3,
    "notes": "tryad-fr.mail.protection.outlook.com 587\r\nIdent : no-reply@tryad.fr\r\nmdp:Th0m@(67114"
  }
},
{
  "model": "dashboard.prestation",
  "pk": 10,
  "fields": {
    "client": 23,
    "type_prestation": 1,
    "intervenant": 2,
    "date_programmee": "2022-02-28",
    "date_realisation": null,
    "statut": 2,
    "notes": "-dossier suivi par monsieur will marey w.marey@zeendoc.com"
  }
},
{
  "model": "dashboard.prestation",
  "pk": 11,
  "fields": {
    "client": 23,
    "type_prestation": 4,
    "intervenant": 3,
    "date_programmee": null,
    "date_realisation": null,
    "statut": 1,
    "notes": ""
  }
},
{
  "model": "dashboard.tache",
  "pk": 2,
  "fields": {
    "client": 1,
    "nom": "R\u00e9alisation classeurs + workflow",
    "date_programmee": "2021-12-08",
    "date_echeance": "2021-12-29",
    "date_realisation": null,
    "statut": 3,
    "temps_passe": "2",
    "description": "Cr\u00e9ation classeur Factures fournisseurs\r\nCr\u00e9ation classeur Factures clients\r\nImport utilisateurs et droits\r\nCr\u00e9ation exemple workflow",
    "personnes_en_charge": [
      1
    ]
  }
},
{
  "model": "dashboard.tache",
  "pk": 3,
  "fields": {
    "client": 2,
    "nom": "R\u00e9alisation classeurs + workflow",
    "date_programmee": "2021-12-07",
    "date_echeance": "2021-12-07",
    "date_realisation": null,
    "statut": 3,
    "temps_passe": "2",
    "description": "",
    "personnes_en_charge": [
      1
    ]
  }
},
{
  "model": "dashboard.tache",
  "pk": 4,
  "fields": {
    "client": 4,
    "nom": "R\u00e9alisation classeurs",
    "date_programmee": "2021-12-07",
    "date_echeance": "2021-12-24",
    "date_realisation": null,
    "statut": 4,
    "temps_passe": "1h",
    "description": "Classeur Factures fournisseurs\r\nClasseur Facture clients",
    "personnes_en_charge": [
      1
    ]
  }
},
{
  "model": "dashboard.tache",
  "pk": 5,
  "fields": {
    "client": 8,
    "nom": "Cr\u00e9ation 3 comptes",
    "date_programmee": "2021-12-14",
    "date_echeance": null,
    "date_realisation": "2021-12-20",
    "statut": 4,
    "temps_passe": "1",
    "description": "Creation comptes MO Groupe FOCUS MO MO HAGONDANGE",
    "personnes_en_charge": [
      1
    ]
  }
},
{
  "model": "dashboard.tache",
  "pk": 6,
  "fields": {
    "client": 2,
    "nom": "Importation comptes comptables",
    "date_programmee": "2021-12-14",
    "date_echeance": "2021-12-14",
    "date_realisation": "2021-12-20",
    "statut": 4,
    "temps_passe": "1",
    "description": "Cr\u00e9ation des listes des comptes comptables bredok pro",
    "personnes_en_charge": [
      1
    ]
  }
},
{
  "model": "dashboard.tache",
  "pk": 7,
  "fields": {
    "client": 22,
    "nom": "Cr\u00e9ation classeurs",
    "date_programmee": "2021-12-14",
    "date_echeance": "2021-12-14",
    "date_realisation": "2021-12-14",
    "statut": 4,
    "temps_passe": "0",
    "description": "Cr\u00e9ation classeurs notes de frais et factures fournisseurs.",
    "personnes_en_charge": [
      1
    ]
  }
},
{
  "model": "dashboard.tache",
  "pk": 8,
  "fields": {
    "client": 22,
    "nom": "Importation comptes comptables",
    "date_programmee": "2021-12-15",
    "date_echeance": "2021-12-16",
    "date_realisation": "2021-12-15",
    "statut": 4,
    "temps_passe": "0",
    "description": "Importation des comptes comptables",
    "personnes_en_charge": [
      1
    ]
  }
},
{
  "model": "dashboard.tache",
  "pk": 9,
  "fields": {
    "client": 4,
    "nom": "Modifications \u00e0 apporter classeur fournisseurs",
    "date_programmee": "2021-12-20",
    "date_echeance": "2021-12-20",
    "date_realisation": "2022-01-07",
    "statut": 4,
    "temps_passe": "2",
    "description": "-R\u00e9cup\u00e9rer listes utilisateurs et droits\r\n-Cr\u00e9er adresse email d\u00e9pot factures comptabilite_tpn@zeenmail.com x\r\n-Verif doublon sur options avancees x\r\n-autocompletion nom chantier x\r\n-cr\u00e9er champ adresse mail en fonction du fournisseur x\r\n-Cr\u00e9ation 3 nouvelles recherches\r\n-Factures \u00e0 payer \u00e9ch\u00e9ance non d\u00e9pass\u00e9e x\r\n-Factures \u00e0 payer \u00e0 15 jours x\r\n-Factures \u00e0 payer \u00e9ch\u00e9ance d\u00e9pass\u00e9e x\r\n-Factures refus\u00e9es sans statut d'envoi ok  x",
    "personnes_en_charge": [
      1
    ]
  }
},
{
  "model": "dashboard.tache",
  "pk": 10,
  "fields": {
    "client": 5,
    "nom": "Modification classeurs",
    "date_programmee": "2022-01-12",
    "date_echeance": "2022-01-14",
    "date_realisation": "2022-01-11",
    "statut": 4,
    "temps_passe": "2",
    "description": "S\u00e9paration des factures du classeur dossiers de formations\r\nSuppression de 2 controles de completudes\r\nClasseur factures clients :\r\n\r\nCr\u00e9ation tampon facture acquitt\u00e9e\r\nModifier recherches envoi avec pour les 2 classeurs garder non lus \u00e0 15 et 30j",
    "personnes_en_charge": [
      1
    ]
  }
},
{
  "model": "dashboard.tache",
  "pk": 11,
  "fields": {
    "client": 5,
    "nom": "Cr\u00e9ation Imprimante virtuelles",
    "date_programmee": "2022-01-12",
    "date_echeance": "2022-01-14",
    "date_realisation": null,
    "statut": 1,
    "temps_passe": null,
    "description": "Cr\u00e9ation imprimante virtuelle\r\nCr\u00e9ation agent zeendoc",
    "personnes_en_charge": [
      1
    ]
  }
},
{
  "model": "dashboard.tache",
  "pk": 12,
  "fields": {
    "client": 23,
    "nom": "Cr\u00e9ation classeurs",
    "date_programmee": "2022-01-10",
    "date_echeance": "2022-01-13",
    "date_realisation": null,
    "statut": 2,
    "temps_passe": null,
    "description": "Cr\u00e9ation classeur Fournisseurs\r\nCr\u00e9ation classeur RH\r\nImport utilisateurs\r\nImport plan comptable",
    "personnes_en_charge": [
      1
    ]
  }
},
{
  "model": "dashboard.tache",
  "pk": 13,
  "fields": {
    "client": 5,
    "nom": "Cr\u00e9ation tutoriel utilisateurs",
    "date_programmee": "2022-01-11",
    "date_echeance": "2022-01-11",
    "date_realisation": "2022-01-11",
    "statut": 4,
    "temps_passe": "1h",
    "description": "Cr\u00e9ation tutoriel d'utilisation du classeur Zeendoc dossier formation",
    "personnes_en_charge": [
      1
    ]
  }
},
{
  "model": "dashboard.tache",
  "pk": 14,
  "fields": {
    "client": 23,
    "nom": "Pr\u00e9paration workflow de validation simple",
    "date_programmee": "2022-01-14",
    "date_echeance": "2022-01-20",
    "date_realisation": null,
    "statut": 2,
    "temps_passe": null,
    "description": "Mettre en place workflow de validation simple factures fournisseurs.",
    "personnes_en_charge": [
      1
    ]
  }
},
{
  "model": "dashboard.tache",
  "pk": 15,
  "fields": {
    "client": 5,
    "nom": "Modification classeurs",
    "date_programmee": "2022-01-21",
    "date_echeance": "2022-01-25",
    "date_realisation": null,
    "statut": 2,
    "temps_passe": null,
    "description": "-enlever items dans liste type document (devis, attestation,formation)\r\n-enlever item stagiaire dans type de formation\r\n-ajouter gestion arborescence dans administration\r\n-rajouter recherche suivi envoy\u00e9 et consult\u00e9\r\n-rajouter dans recherche suivi et non consult\u00e9.\r\nVoir avec zeendoc pour lier plusieurs documents dans indexation global\r\nCr\u00e9er mod\u00e8le manuel sur certificats de stage",
    "personnes_en_charge": [
      1
    ]
  }
},
{
  "model": "dashboard.tache",
  "pk": 16,
  "fields": {
    "client": 16,
    "nom": "Modifications classeur factures fournisseurs",
    "date_programmee": "2022-01-31",
    "date_echeance": "2022-01-31",
    "date_realisation": null,
    "statut": 2,
    "temps_passe": null,
    "description": "Modifier requ\u00eates factures \u00e0 payer. ( rajouter crit\u00e8re facture et / ou note de  frais)\r\nEnlever mail psampaio\r\nFiltre pour consultation contrats (cr\u00e9ation nouveau classeur)",
    "personnes_en_charge": [
      1
    ]
  }
},
{
  "model": "dashboard.contact",
  "pk": 1,
  "fields": {
    "client": 1,
    "nom": "ZELAZNICK",
    "prenom": "David",
    "email": "david.zelaznick@able.fr",
    "tel": "03.88.55.57.14/06.20.14.94.76",
    "notes": "Direction"
  }
},
{
  "model": "dashboard.contact",
  "pk": 2,
  "fields": {
    "client": 2,
    "nom": "AUGUSTINE",
    "prenom": "Lucie",
    "email": "laugustine@bredok.com",
    "tel": "03.88.05.33.11",
    "notes": null
  }
},
{
  "model": "dashboard.contact",
  "pk": 3,
  "fields": {
    "client": 4,
    "nom": "TAPAN",
    "prenom": "Guillaume",
    "email": "g.tapan@tpn-btp.fr",
    "tel": "06.51.18.40.92",
    "notes": null
  }
},
{
  "model": "dashboard.contact",
  "pk": 4,
  "fields": {
    "client": 3,
    "nom": "HAHN",
    "prenom": "Richard",
    "email": "r.hahn@eurologistic-france.fr",
    "tel": "03.88.79.05.63",
    "notes": null
  }
},
{
  "model": "dashboard.contact",
  "pk": 5,
  "fields": {
    "client": 14,
    "nom": "PHAM-VU",
    "prenom": "Thu-Huong",
    "email": "thuhuong.phamvu@jbthiery.asso.fr",
    "tel": "03.83.17.41.91",
    "notes": null
  }
},
{
  "model": "dashboard.contact",
  "pk": 6,
  "fields": {
    "client": 8,
    "nom": "CRIQUI",
    "prenom": "Elodie",
    "email": "ecriqui@alcaexpert.com",
    "tel": "03.88.78.40.36",
    "notes": null
  }
},
{
  "model": "dashboard.contact",
  "pk": 7,
  "fields": {
    "client": 20,
    "nom": "SIMON",
    "prenom": "Christine",
    "email": "christine.simon@fein.fr",
    "tel": "03.88.71.56.69/06.30.03.46.84",
    "notes": "service rh"
  }
},
{
  "model": "dashboard.contact",
  "pk": 8,
  "fields": {
    "client": 20,
    "nom": "BERNHARD",
    "prenom": "Delphine",
    "email": "delphine.bernhard@fein.fr",
    "tel": "03.88.71.56.68",
    "notes": null
  }
},
{
  "model": "dashboard.contact",
  "pk": 9,
  "fields": {
    "client": 13,
    "nom": "THUET",
    "prenom": "Fanny",
    "email": "accueil@espaces-paysagers.fr",
    "tel": "03.88.78.87.02",
    "notes": null
  }
},
{
  "model": "dashboard.contact",
  "pk": 10,
  "fields": {
    "client": 12,
    "nom": "KOEHL",
    "prenom": "Freddy",
    "email": "freddy.koehl@espacecasher.com",
    "tel": "03.88.19.98.81",
    "notes": null
  }
},
{
  "model": "dashboard.contact",
  "pk": 11,
  "fields": {
    "client": 5,
    "nom": "FORESE",
    "prenom": "Sylvie",
    "email": "sylvie.forese@tryad.fr",
    "tel": null,
    "notes": null
  }
},
{
  "model": "dashboard.contact",
  "pk": 12,
  "fields": {
    "client": 5,
    "nom": "FLICK",
    "prenom": "Nathalie",
    "email": "nathalie.flick@tryad.fr",
    "tel": "03.88.64.43.80",
    "notes": null
  }
},
{
  "model": "dashboard.contact",
  "pk": 13,
  "fields": {
    "client": 5,
    "nom": "HOLZINGER",
    "prenom": "Nathalie",
    "email": "info@tryad.fr",
    "tel": null,
    "notes": null
  }
},
{
  "model": "dashboard.contact",
  "pk": 14,
  "fields": {
    "client": 22,
    "nom": "LOUSTAU",
    "prenom": "Katia",
    "email": "katia.loustau@logic-sas.com",
    "tel": "06.43.32.66.83",
    "notes": "Assistante chef de projet"
  }
},
{
  "model": "dashboard.contact",
  "pk": 15,
  "fields": {
    "client": 23,
    "nom": "THIEBAUT",
    "prenom": "Virginie",
    "email": "compta.absecurite@orange.fr",
    "tel": "03.29.81.14.77",
    "notes": "Comptable"
  }
},
{
  "model": "dashboard.typeechange",
  "pk": 1,
  "fields": {
    "type_echange": "R\u00e9cup\u00e9ration informations"
  }
},
{
  "model": "dashboard.typeechange",
  "pk": 2,
  "fields": {
    "type_echange": "Prise de contact"
  }
},
{
  "model": "dashboard.typeechange",
  "pk": 3,
  "fields": {
    "type_echange": "Mise en place"
  }
},
{
  "model": "dashboard.typeechange",
  "pk": 4,
  "fields": {
    "type_echange": "D\u00e9briefing apr\u00e8s test"
  }
},
{
  "model": "dashboard.typeechange",
  "pk": 5,
  "fields": {
    "type_echange": "Mise au point"
  }
},
{
  "model": "dashboard.echange",
  "pk": 5,
  "fields": {
    "contact": 1,
    "date": "2021-12-08",
    "heure": "09:30:00",
    "type_echange": 1,
    "statut": 4,
    "temps_passe": "0",
    "notes": "Premi\u00e8re prise de contact, r\u00e9cup\u00e9ration informations.\r\nPb informatique, r\u00e9union report\u00e9e."
  }
},
{
  "model": "dashboard.echange",
  "pk": 6,
  "fields": {
    "contact": 2,
    "date": "2021-12-09",
    "heure": "09:30:00",
    "type_echange": 2,
    "statut": 4,
    "temps_passe": "0",
    "notes": "Demander infos pour passerelle comptable et personnalisations mails.\r\n\r\nDur\u00e9e : 2h\r\n\r\n- Cr\u00e9ation de 3 classeurs fournisseurs -> avec 3 passerelles comptables\r\nBREDOK BREDOK PRO et TERACOLOR\r\n- Logiciel comptable EBP\r\n- Cr\u00e9ation modele facture client\r\n- Demande cr\u00e9ation passerelle comptable classeur clients E/facture pour bredok-pro"
  }
},
{
  "model": "dashboard.echange",
  "pk": 7,
  "fields": {
    "contact": 3,
    "date": "2021-12-08",
    "heure": "11:00:00",
    "type_echange": 2,
    "statut": 4,
    "temps_passe": "0",
    "notes": "Prise de contact initiale."
  }
},
{
  "model": "dashboard.echange",
  "pk": 8,
  "fields": {
    "contact": 3,
    "date": "2021-12-17",
    "heure": "10:00:00",
    "type_echange": 1,
    "statut": 4,
    "temps_passe": "0",
    "notes": "Prise de contact initiale.\r\nR\u00e9cup\u00e9ration infos.\r\n\r\nModifications \u00e0 faire sur l'armoire.\r\n-R\u00e9cup\u00e9rer listes utilisateurs et droits\r\n-Cr\u00e9er adresse email d\u00e9pot factures comptabilite_tpn@zeenmail.com\r\n-Verif doublon sur options avancees\r\n-autocompletion nom chantier\r\n-cr\u00e9er champ adresse mail en fonction du fournisseur\r\n-Cr\u00e9ation 3 nouvelles recherches\r\n-Factures \u00e0 payer \u00e9ch\u00e9ance non d\u00e9pass\u00e9e\r\n-Factures \u00e0 payer \u00e0 15 jours\r\n-Factures \u00e0 payer \u00e9ch\u00e9ance d\u00e9pass\u00e9e\r\n-Factures refus\u00e9es sans statut d'envoi ok"
  }
},
{
  "model": "dashboard.echange",
  "pk": 9,
  "fields": {
    "contact": 1,
    "date": "2021-12-16",
    "heure": "10:00:00",
    "type_echange": 1,
    "statut": 4,
    "temps_passe": "0",
    "notes": "Pr\u00e9sentation Zoom et r\u00e9cup\u00e9ration informations"
  }
},
{
  "model": "dashboard.echange",
  "pk": 10,
  "fields": {
    "contact": 14,
    "date": "2021-12-15",
    "heure": "10:49:09",
    "type_echange": 1,
    "statut": 4,
    "temps_passe": "0",
    "notes": "Demande liste utilisateurs\r\nDemande rdv pour r\u00e9union zoom"
  }
},
{
  "model": "dashboard.echange",
  "pk": 11,
  "fields": {
    "contact": 15,
    "date": "2021-12-15",
    "heure": "11:00:08",
    "type_echange": 2,
    "statut": 3,
    "temps_passe": "0",
    "notes": "Prise de contact pour rdv r\u00e9union de pr\u00e9sentation."
  }
},
{
  "model": "dashboard.echange",
  "pk": 12,
  "fields": {
    "contact": 14,
    "date": "2021-12-22",
    "heure": "14:00:00",
    "type_echange": 1,
    "statut": 3,
    "temps_passe": "0",
    "notes": "Pr\u00e9sentation zeendoc\r\n\r\n- Classeur Fournisseurs : Pas de workflow de validation.\r\nDisparition des documents apr\u00e8s export vers logiciel comptable.\r\n-Cr\u00e9ation des utilisateurs et droits\r\n-Cr\u00e9ation arborescence par date de facture.\r\n-Classeur notes de frais :\r\nLes utilisateurs d\u00e9posent mais n'indexent pas.\r\nValidation par comptable\r\nEn attente avec ajout de note.\r\nAffecter la note de frais \u00e0 un type de mission."
  }
},
{
  "model": "dashboard.echange",
  "pk": 13,
  "fields": {
    "contact": 1,
    "date": "2022-01-06",
    "heure": "10:00:00",
    "type_echange": 3,
    "statut": 2,
    "temps_passe": "0",
    "notes": "Mise en place compl\u00e9ments."
  }
},
{
  "model": "dashboard.echange",
  "pk": 14,
  "fields": {
    "contact": 14,
    "date": "2022-01-04",
    "heure": "09:30:00",
    "type_echange": 3,
    "statut": 4,
    "temps_passe": "0",
    "notes": "D\u00e9finition d'un workflow pour notes de frais\r\n\r\n- D\u00e9p\u00f4t par collaborateur\r\n- Validation par comptable tampon valide\r\n- Demande d'information insertion note\r\n- Refus                                tampon refus\u00e9\r\n\r\nPaiement : tampon r\u00e9gl\u00e9 sortie du workflow\r\n\r\nTraitement comptable :\r\nA compl\u00e9ter\r\nA Exporter\r\nSortie du workflow"
  }
},
{
  "model": "dashboard.echange",
  "pk": 15,
  "fields": {
    "contact": 3,
    "date": "2022-01-07",
    "heure": "15:00:00",
    "type_echange": 4,
    "statut": 4,
    "temps_passe": "0",
    "notes": "d\u00e9briefing\r\n\r\nSuppression nom de chantier obligatoire\r\nRajout filtre utilisateur\r\nSuppression poids et quantit\u00e9\r\nDroits :\r\nD\u00e9pot -> accueil\r\nModification des indexs -> accueil \r\nFacture \u00e0 valider -> Turkai Kadir Gekay\r\nFactures \u00e0 payer -> Gekay & Accueil"
  }
},
{
  "model": "dashboard.echange",
  "pk": 16,
  "fields": {
    "contact": 12,
    "date": "2022-01-05",
    "heure": "09:00:00",
    "type_echange": 5,
    "statut": 4,
    "temps_passe": "0",
    "notes": "S\u00e9paration des factures du classeur dossiers de formations\r\nSuppression de 2 controles de completudes\r\nClasseur factures clients :\r\n- Si chorus utilis\u00e9\r\nR\u00e9cup\u00e9rer infos et cr\u00e9er compte technique chorus\r\n\r\nMep imprimante virtuelle\r\nMep agent zeendoc\r\n\r\nCr\u00e9ation tampon facture acquitt\u00e9e\r\nModifier recherches envoi avec pour les 2 classeurs garder non lus \u00e0 15 et 30j"
  }
},
{
  "model": "dashboard.echange",
  "pk": 17,
  "fields": {
    "contact": 12,
    "date": "2022-01-12",
    "heure": "10:00:00",
    "type_echange": 4,
    "statut": 4,
    "temps_passe": "0",
    "notes": "Prochain contact, relance apr\u00e8s tests.\r\nFactures opco \u00e0 lier \u00e0 dossiers formations\r\nAide \u00e0 l'envoi par email.\r\n\r\n1h"
  }
},
{
  "model": "dashboard.echange",
  "pk": 18,
  "fields": {
    "contact": 15,
    "date": "2022-01-13",
    "heure": "10:00:00",
    "type_echange": 1,
    "statut": 4,
    "temps_passe": "0",
    "notes": "Pr\u00e9sentation Zeendoc et r\u00e9cup\u00e9rations d'informations.\r\nWorkflow basique de validation.\r\nWorkflow basique paiement.\r\n2h00"
  }
},
{
  "model": "dashboard.echange",
  "pk": 19,
  "fields": {
    "contact": 3,
    "date": null,
    "heure": "15:44:18",
    "type_echange": 1,
    "statut": 1,
    "temps_passe": "0",
    "notes": "Mise en place classeur Factures / Eclient\r\n-Mise en place imprimante virtuelle\r\nMise en place agent Zeendoc"
  }
},
{
  "model": "dashboard.echange",
  "pk": 20,
  "fields": {
    "contact": 12,
    "date": "2022-01-19",
    "heure": "10:00:00",
    "type_echange": 4,
    "statut": 2,
    "temps_passe": "0",
    "notes": "Simulation envoi par mail des dossiers"
  }
},
{
  "model": "dashboard.echange",
  "pk": 21,
  "fields": {
    "contact": 14,
    "date": "2022-01-12",
    "heure": "15:00:00",
    "type_echange": 5,
    "statut": 2,
    "temps_passe": "0",
    "notes": "R\u00e9ponses \u00e0 questions mail"
  }
},
{
  "model": "dashboard.echange",
  "pk": 22,
  "fields": {
    "contact": 15,
    "date": null,
    "heure": null,
    "type_echange": 4,
    "statut": 1,
    "temps_passe": "0",
    "notes": "Ils ont une r\u00e9union le 20 janvier avec les collaborateurs\r\nPr\u00e9parer workflow de validation simple"
  }
},
{
  "model": "dashboard.echange",
  "pk": 23,
  "fields": {
    "contact": 14,
    "date": "2022-01-27",
    "heure": "14:30:00",
    "type_echange": 5,
    "statut": 3,
    "temps_passe": "0",
    "notes": "Se renseigner sur \r\n\r\n- Total notes de frais dans export excel.\r\n- Format mon\u00e9taire\r\n- D\u00e9veloppement sp\u00e9cifique  (s\u00e9parer les champs d'exports imputation HT, TVA 1 colonne par champ)\r\n- Envoyer doc pour stabilo.\r\n\r\n2h"
  }
},
{
  "model": "auth.permission",
  "pk": 1,
  "fields": {
    "name": "Can add log entry",
    "content_type": 1,
    "codename": "add_logentry"
  }
},
{
  "model": "auth.permission",
  "pk": 2,
  "fields": {
    "name": "Can change log entry",
    "content_type": 1,
    "codename": "change_logentry"
  }
},
{
  "model": "auth.permission",
  "pk": 3,
  "fields": {
    "name": "Can delete log entry",
    "content_type": 1,
    "codename": "delete_logentry"
  }
},
{
  "model": "auth.permission",
  "pk": 4,
  "fields": {
    "name": "Can view log entry",
    "content_type": 1,
    "codename": "view_logentry"
  }
},
{
  "model": "auth.permission",
  "pk": 5,
  "fields": {
    "name": "Can add permission",
    "content_type": 2,
    "codename": "add_permission"
  }
},
{
  "model": "auth.permission",
  "pk": 6,
  "fields": {
    "name": "Can change permission",
    "content_type": 2,
    "codename": "change_permission"
  }
},
{
  "model": "auth.permission",
  "pk": 7,
  "fields": {
    "name": "Can delete permission",
    "content_type": 2,
    "codename": "delete_permission"
  }
},
{
  "model": "auth.permission",
  "pk": 8,
  "fields": {
    "name": "Can view permission",
    "content_type": 2,
    "codename": "view_permission"
  }
},
{
  "model": "auth.permission",
  "pk": 9,
  "fields": {
    "name": "Can add group",
    "content_type": 3,
    "codename": "add_group"
  }
},
{
  "model": "auth.permission",
  "pk": 10,
  "fields": {
    "name": "Can change group",
    "content_type": 3,
    "codename": "change_group"
  }
},
{
  "model": "auth.permission",
  "pk": 11,
  "fields": {
    "name": "Can delete group",
    "content_type": 3,
    "codename": "delete_group"
  }
},
{
  "model": "auth.permission",
  "pk": 12,
  "fields": {
    "name": "Can view group",
    "content_type": 3,
    "codename": "view_group"
  }
},
{
  "model": "auth.permission",
  "pk": 13,
  "fields": {
    "name": "Can add user",
    "content_type": 4,
    "codename": "add_user"
  }
},
{
  "model": "auth.permission",
  "pk": 14,
  "fields": {
    "name": "Can change user",
    "content_type": 4,
    "codename": "change_user"
  }
},
{
  "model": "auth.permission",
  "pk": 15,
  "fields": {
    "name": "Can delete user",
    "content_type": 4,
    "codename": "delete_user"
  }
},
{
  "model": "auth.permission",
  "pk": 16,
  "fields": {
    "name": "Can view user",
    "content_type": 4,
    "codename": "view_user"
  }
},
{
  "model": "auth.permission",
  "pk": 17,
  "fields": {
    "name": "Can add content type",
    "content_type": 5,
    "codename": "add_contenttype"
  }
},
{
  "model": "auth.permission",
  "pk": 18,
  "fields": {
    "name": "Can change content type",
    "content_type": 5,
    "codename": "change_contenttype"
  }
},
{
  "model": "auth.permission",
  "pk": 19,
  "fields": {
    "name": "Can delete content type",
    "content_type": 5,
    "codename": "delete_contenttype"
  }
},
{
  "model": "auth.permission",
  "pk": 20,
  "fields": {
    "name": "Can view content type",
    "content_type": 5,
    "codename": "view_contenttype"
  }
},
{
  "model": "auth.permission",
  "pk": 21,
  "fields": {
    "name": "Can add session",
    "content_type": 6,
    "codename": "add_session"
  }
},
{
  "model": "auth.permission",
  "pk": 22,
  "fields": {
    "name": "Can change session",
    "content_type": 6,
    "codename": "change_session"
  }
},
{
  "model": "auth.permission",
  "pk": 23,
  "fields": {
    "name": "Can delete session",
    "content_type": 6,
    "codename": "delete_session"
  }
},
{
  "model": "auth.permission",
  "pk": 24,
  "fields": {
    "name": "Can view session",
    "content_type": 6,
    "codename": "view_session"
  }
},
{
  "model": "auth.permission",
  "pk": 25,
  "fields": {
    "name": "Can add categorie forfait",
    "content_type": 7,
    "codename": "add_categorieforfait"
  }
},
{
  "model": "auth.permission",
  "pk": 26,
  "fields": {
    "name": "Can change categorie forfait",
    "content_type": 7,
    "codename": "change_categorieforfait"
  }
},
{
  "model": "auth.permission",
  "pk": 27,
  "fields": {
    "name": "Can delete categorie forfait",
    "content_type": 7,
    "codename": "delete_categorieforfait"
  }
},
{
  "model": "auth.permission",
  "pk": 28,
  "fields": {
    "name": "Can view categorie forfait",
    "content_type": 7,
    "codename": "view_categorieforfait"
  }
},
{
  "model": "auth.permission",
  "pk": 29,
  "fields": {
    "name": "Can add client",
    "content_type": 8,
    "codename": "add_client"
  }
},
{
  "model": "auth.permission",
  "pk": 30,
  "fields": {
    "name": "Can change client",
    "content_type": 8,
    "codename": "change_client"
  }
},
{
  "model": "auth.permission",
  "pk": 31,
  "fields": {
    "name": "Can delete client",
    "content_type": 8,
    "codename": "delete_client"
  }
},
{
  "model": "auth.permission",
  "pk": 32,
  "fields": {
    "name": "Can view client",
    "content_type": 8,
    "codename": "view_client"
  }
},
{
  "model": "auth.permission",
  "pk": 33,
  "fields": {
    "name": "Can add contact",
    "content_type": 9,
    "codename": "add_contact"
  }
},
{
  "model": "auth.permission",
  "pk": 34,
  "fields": {
    "name": "Can change contact",
    "content_type": 9,
    "codename": "change_contact"
  }
},
{
  "model": "auth.permission",
  "pk": 35,
  "fields": {
    "name": "Can delete contact",
    "content_type": 9,
    "codename": "delete_contact"
  }
},
{
  "model": "auth.permission",
  "pk": 36,
  "fields": {
    "name": "Can view contact",
    "content_type": 9,
    "codename": "view_contact"
  }
},
{
  "model": "auth.permission",
  "pk": 37,
  "fields": {
    "name": "Can add flux",
    "content_type": 10,
    "codename": "add_flux"
  }
},
{
  "model": "auth.permission",
  "pk": 38,
  "fields": {
    "name": "Can change flux",
    "content_type": 10,
    "codename": "change_flux"
  }
},
{
  "model": "auth.permission",
  "pk": 39,
  "fields": {
    "name": "Can delete flux",
    "content_type": 10,
    "codename": "delete_flux"
  }
},
{
  "model": "auth.permission",
  "pk": 40,
  "fields": {
    "name": "Can view flux",
    "content_type": 10,
    "codename": "view_flux"
  }
},
{
  "model": "auth.permission",
  "pk": 41,
  "fields": {
    "name": "Can add intervenant",
    "content_type": 11,
    "codename": "add_intervenant"
  }
},
{
  "model": "auth.permission",
  "pk": 42,
  "fields": {
    "name": "Can change intervenant",
    "content_type": 11,
    "codename": "change_intervenant"
  }
},
{
  "model": "auth.permission",
  "pk": 43,
  "fields": {
    "name": "Can delete intervenant",
    "content_type": 11,
    "codename": "delete_intervenant"
  }
},
{
  "model": "auth.permission",
  "pk": 44,
  "fields": {
    "name": "Can view intervenant",
    "content_type": 11,
    "codename": "view_intervenant"
  }
},
{
  "model": "auth.permission",
  "pk": 45,
  "fields": {
    "name": "Can add revendeur",
    "content_type": 12,
    "codename": "add_revendeur"
  }
},
{
  "model": "auth.permission",
  "pk": 46,
  "fields": {
    "name": "Can change revendeur",
    "content_type": 12,
    "codename": "change_revendeur"
  }
},
{
  "model": "auth.permission",
  "pk": 47,
  "fields": {
    "name": "Can delete revendeur",
    "content_type": 12,
    "codename": "delete_revendeur"
  }
},
{
  "model": "auth.permission",
  "pk": 48,
  "fields": {
    "name": "Can view revendeur",
    "content_type": 12,
    "codename": "view_revendeur"
  }
},
{
  "model": "auth.permission",
  "pk": 49,
  "fields": {
    "name": "Can add statut tache",
    "content_type": 13,
    "codename": "add_statuttache"
  }
},
{
  "model": "auth.permission",
  "pk": 50,
  "fields": {
    "name": "Can change statut tache",
    "content_type": 13,
    "codename": "change_statuttache"
  }
},
{
  "model": "auth.permission",
  "pk": 51,
  "fields": {
    "name": "Can delete statut tache",
    "content_type": 13,
    "codename": "delete_statuttache"
  }
},
{
  "model": "auth.permission",
  "pk": 52,
  "fields": {
    "name": "Can view statut tache",
    "content_type": 13,
    "codename": "view_statuttache"
  }
},
{
  "model": "auth.permission",
  "pk": 53,
  "fields": {
    "name": "Can add type echange",
    "content_type": 14,
    "codename": "add_typeechange"
  }
},
{
  "model": "auth.permission",
  "pk": 54,
  "fields": {
    "name": "Can change type echange",
    "content_type": 14,
    "codename": "change_typeechange"
  }
},
{
  "model": "auth.permission",
  "pk": 55,
  "fields": {
    "name": "Can delete type echange",
    "content_type": 14,
    "codename": "delete_typeechange"
  }
},
{
  "model": "auth.permission",
  "pk": 56,
  "fields": {
    "name": "Can view type echange",
    "content_type": 14,
    "codename": "view_typeechange"
  }
},
{
  "model": "auth.permission",
  "pk": 57,
  "fields": {
    "name": "Can add type prestation",
    "content_type": 15,
    "codename": "add_typeprestation"
  }
},
{
  "model": "auth.permission",
  "pk": 58,
  "fields": {
    "name": "Can change type prestation",
    "content_type": 15,
    "codename": "change_typeprestation"
  }
},
{
  "model": "auth.permission",
  "pk": 59,
  "fields": {
    "name": "Can delete type prestation",
    "content_type": 15,
    "codename": "delete_typeprestation"
  }
},
{
  "model": "auth.permission",
  "pk": 60,
  "fields": {
    "name": "Can view type prestation",
    "content_type": 15,
    "codename": "view_typeprestation"
  }
},
{
  "model": "auth.permission",
  "pk": 61,
  "fields": {
    "name": "Can add tache",
    "content_type": 16,
    "codename": "add_tache"
  }
},
{
  "model": "auth.permission",
  "pk": 62,
  "fields": {
    "name": "Can change tache",
    "content_type": 16,
    "codename": "change_tache"
  }
},
{
  "model": "auth.permission",
  "pk": 63,
  "fields": {
    "name": "Can delete tache",
    "content_type": 16,
    "codename": "delete_tache"
  }
},
{
  "model": "auth.permission",
  "pk": 64,
  "fields": {
    "name": "Can view tache",
    "content_type": 16,
    "codename": "view_tache"
  }
},
{
  "model": "auth.permission",
  "pk": 65,
  "fields": {
    "name": "Can add prestation",
    "content_type": 17,
    "codename": "add_prestation"
  }
},
{
  "model": "auth.permission",
  "pk": 66,
  "fields": {
    "name": "Can change prestation",
    "content_type": 17,
    "codename": "change_prestation"
  }
},
{
  "model": "auth.permission",
  "pk": 67,
  "fields": {
    "name": "Can delete prestation",
    "content_type": 17,
    "codename": "delete_prestation"
  }
},
{
  "model": "auth.permission",
  "pk": 68,
  "fields": {
    "name": "Can view prestation",
    "content_type": 17,
    "codename": "view_prestation"
  }
},
{
  "model": "auth.permission",
  "pk": 69,
  "fields": {
    "name": "Can add forfait",
    "content_type": 18,
    "codename": "add_forfait"
  }
},
{
  "model": "auth.permission",
  "pk": 70,
  "fields": {
    "name": "Can change forfait",
    "content_type": 18,
    "codename": "change_forfait"
  }
},
{
  "model": "auth.permission",
  "pk": 71,
  "fields": {
    "name": "Can delete forfait",
    "content_type": 18,
    "codename": "delete_forfait"
  }
},
{
  "model": "auth.permission",
  "pk": 72,
  "fields": {
    "name": "Can view forfait",
    "content_type": 18,
    "codename": "view_forfait"
  }
},
{
  "model": "auth.permission",
  "pk": 73,
  "fields": {
    "name": "Can add echange",
    "content_type": 19,
    "codename": "add_echange"
  }
},
{
  "model": "auth.permission",
  "pk": 74,
  "fields": {
    "name": "Can change echange",
    "content_type": 19,
    "codename": "change_echange"
  }
},
{
  "model": "auth.permission",
  "pk": 75,
  "fields": {
    "name": "Can delete echange",
    "content_type": 19,
    "codename": "delete_echange"
  }
},
{
  "model": "auth.permission",
  "pk": 76,
  "fields": {
    "name": "Can view echange",
    "content_type": 19,
    "codename": "view_echange"
  }
},
{
  "model": "auth.permission",
  "pk": 77,
  "fields": {
    "name": "Can add consommation",
    "content_type": 20,
    "codename": "add_consommation"
  }
},
{
  "model": "auth.permission",
  "pk": 78,
  "fields": {
    "name": "Can change consommation",
    "content_type": 20,
    "codename": "change_consommation"
  }
},
{
  "model": "auth.permission",
  "pk": 79,
  "fields": {
    "name": "Can delete consommation",
    "content_type": 20,
    "codename": "delete_consommation"
  }
},
{
  "model": "auth.permission",
  "pk": 80,
  "fields": {
    "name": "Can view consommation",
    "content_type": 20,
    "codename": "view_consommation"
  }
},
{
  "model": "auth.user",
  "pk": 1,
  "fields": {
    "password": "pbkdf2_sha256$180000$tTmDHFjhsXOR$qyc7W9KHjYEE8Mmat6lfGcLmqepabEAZmc1hXgnQ8nk=",
    "last_login": "2022-01-21T08:23:35.651Z",
    "is_superuser": true,
    "username": "admin",
    "first_name": "",
    "last_name": "",
    "email": "admin@sisfrance.eu",
    "is_staff": true,
    "is_active": true,
    "date_joined": "2022-01-03T13:45:40.617Z",
    "groups": [],
    "user_permissions": []
  }
},
{
  "model": "auth.user",
  "pk": 2,
  "fields": {
    "password": "pbkdf2_sha256$180000$FSmZL7JVXXLW$LDItO+QlkYX4+IaVdkGpr6gTQf0a85lYJ5KVFOcyeMQ=",
    "last_login": "2022-01-03T14:30:39.483Z",
    "is_superuser": true,
    "username": "root",
    "first_name": "",
    "last_name": "",
    "email": "admin@sisfrance.eu",
    "is_staff": true,
    "is_active": true,
    "date_joined": "2022-01-03T14:01:58.265Z",
    "groups": [],
    "user_permissions": []
  }
},
{
  "model": "admin.logentry",
  "pk": 1,
  "fields": {
    "action_time": "2022-01-03T14:02:41.370Z",
    "user": 2,
    "content_type": 17,
    "object_id": "1",
    "object_repr": "BREDOK PRO-Passerelle comptable",
    "action_flag": 2,
    "change_message": "[{\"changed\": {\"fields\": [\"Date programmee\"]}}]"
  }
},
{
  "model": "admin.logentry",
  "pk": 2,
  "fields": {
    "action_time": "2022-01-03T14:31:21.436Z",
    "user": 2,
    "content_type": 4,
    "object_id": "1",
    "object_repr": "admin",
    "action_flag": 2,
    "change_message": "[{\"changed\": {\"fields\": [\"password\"]}}]"
  }
},
{
  "model": "admin.logentry",
  "pk": 3,
  "fields": {
    "action_time": "2022-01-03T14:32:22.243Z",
    "user": 2,
    "content_type": 8,
    "object_id": "23",
    "object_repr": "AB SECURITE-15557",
    "action_flag": 2,
    "change_message": "[]"
  }
},
{
  "model": "admin.logentry",
  "pk": 4,
  "fields": {
    "action_time": "2022-01-05T11:51:08.356Z",
    "user": 1,
    "content_type": 19,
    "object_id": "14",
    "object_repr": "Mise en place-LOUSTAU-Katia",
    "action_flag": 2,
    "change_message": "[{\"changed\": {\"fields\": [\"Statut\", \"Notes\"]}}]"
  }
},
{
  "model": "admin.logentry",
  "pk": 5,
  "fields": {
    "action_time": "2022-01-05T11:52:04.824Z",
    "user": 1,
    "content_type": 14,
    "object_id": "5",
    "object_repr": "Mise au point",
    "action_flag": 1,
    "change_message": "[{\"added\": {}}]"
  }
},
{
  "model": "admin.logentry",
  "pk": 6,
  "fields": {
    "action_time": "2022-01-05T11:55:54.496Z",
    "user": 1,
    "content_type": 19,
    "object_id": "16",
    "object_repr": "Mise au point-FORESE-Sylvie",
    "action_flag": 1,
    "change_message": "[{\"added\": {}}]"
  }
},
{
  "model": "admin.logentry",
  "pk": 7,
  "fields": {
    "action_time": "2022-01-05T11:56:41.152Z",
    "user": 1,
    "content_type": 19,
    "object_id": "16",
    "object_repr": "Mise au point-FLICK-Nathalie",
    "action_flag": 2,
    "change_message": "[{\"changed\": {\"fields\": [\"Contact\"]}}]"
  }
},
{
  "model": "admin.logentry",
  "pk": 8,
  "fields": {
    "action_time": "2022-01-05T11:57:45.104Z",
    "user": 1,
    "content_type": 19,
    "object_id": "17",
    "object_repr": "D\u00e9briefing apr\u00e8s test-FLICK-Nathalie",
    "action_flag": 1,
    "change_message": "[{\"added\": {}}]"
  }
},
{
  "model": "admin.logentry",
  "pk": 9,
  "fields": {
    "action_time": "2022-01-05T12:00:31.947Z",
    "user": 1,
    "content_type": 16,
    "object_id": "10",
    "object_repr": "Modification classeurs-TRYAD CONSEIL",
    "action_flag": 1,
    "change_message": "[{\"added\": {}}]"
  }
},
{
  "model": "admin.logentry",
  "pk": 10,
  "fields": {
    "action_time": "2022-01-05T13:10:19.409Z",
    "user": 1,
    "content_type": 16,
    "object_id": "11",
    "object_repr": "Cr\u00e9ation Imprimante virtuelles-TRYAD CONSEIL",
    "action_flag": 1,
    "change_message": "[{\"added\": {}}]"
  }
},
{
  "model": "admin.logentry",
  "pk": 11,
  "fields": {
    "action_time": "2022-01-05T13:42:54.374Z",
    "user": 1,
    "content_type": 17,
    "object_id": "7",
    "object_repr": "LOGIC-SAS-Passerelle comptable",
    "action_flag": 2,
    "change_message": "[{\"changed\": {\"fields\": [\"Notes\"]}}]"
  }
},
{
  "model": "admin.logentry",
  "pk": 12,
  "fields": {
    "action_time": "2022-01-05T14:14:32.071Z",
    "user": 1,
    "content_type": 17,
    "object_id": "9",
    "object_repr": "TRYAD CONSEIL-Personnalisation des emails",
    "action_flag": 1,
    "change_message": "[{\"added\": {}}]"
  }
},
{
  "model": "admin.logentry",
  "pk": 13,
  "fields": {
    "action_time": "2022-01-07T08:38:15.754Z",
    "user": 1,
    "content_type": 13,
    "object_id": "1",
    "object_repr": "\u00e0 programmer",
    "action_flag": 2,
    "change_message": "[{\"changed\": {\"fields\": [\"Color\"]}}]"
  }
},
{
  "model": "admin.logentry",
  "pk": 14,
  "fields": {
    "action_time": "2022-01-07T08:38:49.008Z",
    "user": 1,
    "content_type": 13,
    "object_id": "2",
    "object_repr": "en attente",
    "action_flag": 2,
    "change_message": "[{\"changed\": {\"fields\": [\"Color\"]}}]"
  }
},
{
  "model": "admin.logentry",
  "pk": 15,
  "fields": {
    "action_time": "2022-01-07T08:39:17.830Z",
    "user": 1,
    "content_type": 13,
    "object_id": "3",
    "object_repr": "en cours",
    "action_flag": 2,
    "change_message": "[{\"changed\": {\"fields\": [\"Color\"]}}]"
  }
},
{
  "model": "admin.logentry",
  "pk": 16,
  "fields": {
    "action_time": "2022-01-07T08:39:44.167Z",
    "user": 1,
    "content_type": 13,
    "object_id": "4",
    "object_repr": "r\u00e9alis\u00e9e",
    "action_flag": 2,
    "change_message": "[{\"changed\": {\"fields\": [\"Color\"]}}]"
  }
},
{
  "model": "admin.logentry",
  "pk": 17,
  "fields": {
    "action_time": "2022-01-07T10:30:03.016Z",
    "user": 1,
    "content_type": 19,
    "object_id": "15",
    "object_repr": "D\u00e9briefing apr\u00e8s test-TAPAN-Guillaume",
    "action_flag": 2,
    "change_message": "[{\"changed\": {\"fields\": [\"Heure\", \"Statut\"]}}]"
  }
},
{
  "model": "admin.logentry",
  "pk": 18,
  "fields": {
    "action_time": "2022-01-07T10:31:49.899Z",
    "user": 1,
    "content_type": 19,
    "object_id": "18",
    "object_repr": "R\u00e9cup\u00e9ration informations-THIEBAUT-Virginie",
    "action_flag": 1,
    "change_message": "[{\"added\": {}}]"
  }
},
{
  "model": "admin.logentry",
  "pk": 19,
  "fields": {
    "action_time": "2022-01-07T10:32:24.130Z",
    "user": 1,
    "content_type": 17,
    "object_id": "10",
    "object_repr": "AB SECURITE-Passerelle comptable",
    "action_flag": 1,
    "change_message": "[{\"added\": {}}]"
  }
},
{
  "model": "admin.logentry",
  "pk": 20,
  "fields": {
    "action_time": "2022-01-07T10:32:53.981Z",
    "user": 1,
    "content_type": 17,
    "object_id": "11",
    "object_repr": "AB SECURITE-Envoi coffre fort num\u00e9rique",
    "action_flag": 1,
    "change_message": "[{\"added\": {}}]"
  }
},
{
  "model": "admin.logentry",
  "pk": 21,
  "fields": {
    "action_time": "2022-01-07T10:34:48.837Z",
    "user": 1,
    "content_type": 16,
    "object_id": "12",
    "object_repr": "Cr\u00e9ation classeurs-AB SECURITE",
    "action_flag": 1,
    "change_message": "[{\"added\": {}}]"
  }
},
{
  "model": "admin.logentry",
  "pk": 22,
  "fields": {
    "action_time": "2022-01-07T15:41:24.485Z",
    "user": 1,
    "content_type": 16,
    "object_id": "9",
    "object_repr": "Modifications \u00e0 apporter classeur fournisseurs-TPN",
    "action_flag": 2,
    "change_message": "[{\"changed\": {\"fields\": [\"Date realisation\", \"Temps passe\"]}}]"
  }
},
{
  "model": "admin.logentry",
  "pk": 23,
  "fields": {
    "action_time": "2022-01-07T15:43:51.282Z",
    "user": 1,
    "content_type": 19,
    "object_id": "15",
    "object_repr": "D\u00e9briefing apr\u00e8s test-TAPAN-Guillaume",
    "action_flag": 2,
    "change_message": "[{\"changed\": {\"fields\": [\"Statut\", \"Notes\"]}}]"
  }
},
{
  "model": "admin.logentry",
  "pk": 24,
  "fields": {
    "action_time": "2022-01-07T15:45:09.939Z",
    "user": 1,
    "content_type": 19,
    "object_id": "19",
    "object_repr": "R\u00e9cup\u00e9ration informations-TAPAN-Guillaume",
    "action_flag": 1,
    "change_message": "[{\"added\": {}}]"
  }
},
{
  "model": "admin.logentry",
  "pk": 25,
  "fields": {
    "action_time": "2022-01-07T15:54:19.612Z",
    "user": 1,
    "content_type": 16,
    "object_id": "4",
    "object_repr": "R\u00e9alisation classeurs-TPN",
    "action_flag": 2,
    "change_message": "[{\"changed\": {\"fields\": [\"Statut\"]}}]"
  }
},
{
  "model": "admin.logentry",
  "pk": 26,
  "fields": {
    "action_time": "2022-01-11T09:16:24.194Z",
    "user": 1,
    "content_type": 16,
    "object_id": "10",
    "object_repr": "Modification classeurs-TRYAD CONSEIL",
    "action_flag": 2,
    "change_message": "[{\"changed\": {\"fields\": [\"Date realisation\", \"Statut\", \"Temps passe\"]}}]"
  }
},
{
  "model": "admin.logentry",
  "pk": 27,
  "fields": {
    "action_time": "2022-01-11T09:17:40.935Z",
    "user": 1,
    "content_type": 16,
    "object_id": "13",
    "object_repr": "Cr\u00e9ation tutoriel utilisateurs-TRYAD CONSEIL",
    "action_flag": 1,
    "change_message": "[{\"added\": {}}]"
  }
},
{
  "model": "admin.logentry",
  "pk": 28,
  "fields": {
    "action_time": "2022-01-11T09:44:40.796Z",
    "user": 1,
    "content_type": 16,
    "object_id": "13",
    "object_repr": "Cr\u00e9ation tutoriel utilisateurs-TRYAD CONSEIL",
    "action_flag": 2,
    "change_message": "[{\"changed\": {\"fields\": [\"Statut\", \"Temps passe\"]}}]"
  }
},
{
  "model": "admin.logentry",
  "pk": 29,
  "fields": {
    "action_time": "2022-01-12T10:10:35.162Z",
    "user": 1,
    "content_type": 19,
    "object_id": "17",
    "object_repr": "D\u00e9briefing apr\u00e8s test-FLICK-Nathalie",
    "action_flag": 2,
    "change_message": "[{\"changed\": {\"fields\": [\"Date\", \"Heure\", \"Statut\", \"Notes\"]}}]"
  }
},
{
  "model": "admin.logentry",
  "pk": 30,
  "fields": {
    "action_time": "2022-01-12T10:11:12.187Z",
    "user": 1,
    "content_type": 19,
    "object_id": "20",
    "object_repr": "D\u00e9briefing apr\u00e8s test-FLICK-Nathalie",
    "action_flag": 1,
    "change_message": "[{\"added\": {}}]"
  }
},
{
  "model": "admin.logentry",
  "pk": 31,
  "fields": {
    "action_time": "2022-01-12T10:12:10.534Z",
    "user": 1,
    "content_type": 19,
    "object_id": "21",
    "object_repr": "Mise au point-LOUSTAU-Katia",
    "action_flag": 1,
    "change_message": "[{\"added\": {}}]"
  }
},
{
  "model": "admin.logentry",
  "pk": 32,
  "fields": {
    "action_time": "2022-01-13T10:38:31.793Z",
    "user": 1,
    "content_type": 19,
    "object_id": "18",
    "object_repr": "R\u00e9cup\u00e9ration informations-THIEBAUT-Virginie",
    "action_flag": 2,
    "change_message": "[{\"changed\": {\"fields\": [\"Statut\", \"Notes\"]}}]"
  }
},
{
  "model": "admin.logentry",
  "pk": 33,
  "fields": {
    "action_time": "2022-01-13T10:39:18.208Z",
    "user": 1,
    "content_type": 19,
    "object_id": "22",
    "object_repr": "D\u00e9briefing apr\u00e8s test-THIEBAUT-Virginie",
    "action_flag": 1,
    "change_message": "[{\"added\": {}}]"
  }
},
{
  "model": "admin.logentry",
  "pk": 34,
  "fields": {
    "action_time": "2022-01-13T10:40:45.088Z",
    "user": 1,
    "content_type": 16,
    "object_id": "14",
    "object_repr": "Pr\u00e9paration workflow de validation simple-AB SECURITE",
    "action_flag": 1,
    "change_message": "[{\"added\": {}}]"
  }
},
{
  "model": "admin.logentry",
  "pk": 35,
  "fields": {
    "action_time": "2022-01-17T08:13:13.484Z",
    "user": 1,
    "content_type": 17,
    "object_id": "7",
    "object_repr": "LOGIC-SAS-Passerelle comptable",
    "action_flag": 2,
    "change_message": "[{\"changed\": {\"fields\": [\"Date programmee\", \"Statut\", \"Notes\"]}}]"
  }
},
{
  "model": "admin.logentry",
  "pk": 36,
  "fields": {
    "action_time": "2022-01-17T08:50:41.415Z",
    "user": 1,
    "content_type": 19,
    "object_id": "20",
    "object_repr": "D\u00e9briefing apr\u00e8s test-FLICK-Nathalie",
    "action_flag": 2,
    "change_message": "[{\"changed\": {\"fields\": [\"Date\"]}}]"
  }
},
{
  "model": "admin.logentry",
  "pk": 37,
  "fields": {
    "action_time": "2022-01-21T08:24:32.944Z",
    "user": 1,
    "content_type": 17,
    "object_id": "10",
    "object_repr": "AB SECURITE-Passerelle comptable",
    "action_flag": 2,
    "change_message": "[{\"changed\": {\"fields\": [\"Date programmee\", \"Statut\", \"Notes\"]}}]"
  }
},
{
  "model": "admin.logentry",
  "pk": 38,
  "fields": {
    "action_time": "2022-01-21T08:29:34.566Z",
    "user": 1,
    "content_type": 16,
    "object_id": "15",
    "object_repr": "Modification classeurs-TRYAD CONSEIL",
    "action_flag": 1,
    "change_message": "[{\"added\": {}}]"
  }
},
{
  "model": "admin.logentry",
  "pk": 39,
  "fields": {
    "action_time": "2022-01-25T09:53:43.113Z",
    "user": 1,
    "content_type": 16,
    "object_id": "16",
    "object_repr": "Modifications classeur factures fournisseurs-SIMSE IMAGERIE MED STRASBOURG",
    "action_flag": 1,
    "change_message": "[{\"added\": {}}]"
  }
},
{
  "model": "admin.logentry",
  "pk": 40,
  "fields": {
    "action_time": "2022-01-27T13:35:20.698Z",
    "user": 1,
    "content_type": 19,
    "object_id": "23",
    "object_repr": "Mise au point-LOUSTAU-Katia",
    "action_flag": 1,
    "change_message": "[{\"added\": {}}]"
  }
},
{
  "model": "admin.logentry",
  "pk": 41,
  "fields": {
    "action_time": "2022-01-27T14:34:56.884Z",
    "user": 1,
    "content_type": 19,
    "object_id": "23",
    "object_repr": "Mise au point-LOUSTAU-Katia",
    "action_flag": 2,
    "change_message": "[{\"changed\": {\"fields\": [\"Notes\"]}}]"
  }
},
{
  "model": "admin.logentry",
  "pk": 42,
  "fields": {
    "action_time": "2022-01-27T15:07:36.881Z",
    "user": 1,
    "content_type": 19,
    "object_id": "23",
    "object_repr": "Mise au point-LOUSTAU-Katia",
    "action_flag": 2,
    "change_message": "[{\"changed\": {\"fields\": [\"Notes\"]}}]"
  }
},
{
  "model": "admin.logentry",
  "pk": 43,
  "fields": {
    "action_time": "2022-01-27T15:58:23.546Z",
    "user": 1,
    "content_type": 19,
    "object_id": "23",
    "object_repr": "Mise au point-LOUSTAU-Katia",
    "action_flag": 2,
    "change_message": "[]"
  }
},
{
  "model": "admin.logentry",
  "pk": 44,
  "fields": {
    "action_time": "2022-01-28T14:53:28.201Z",
    "user": 1,
    "content_type": 19,
    "object_id": "23",
    "object_repr": "Mise au point-LOUSTAU-Katia",
    "action_flag": 2,
    "change_message": "[{\"changed\": {\"fields\": [\"Notes\"]}}]"
  }
}
]
