[{"model": "dashboard.typeprestation", "pk": 1, "fields": {"type_prestation": "Passerelle comptable", "notes": null}}, {"model": "dashboard.typeprestation", "pk": 2, "fields": {"type_prestation": "Personnalisation des emails", "notes": null}}, {"model": "dashboard.typeprestation", "pk": 3, "fields": {"type_prestation": "Pack signature", "notes": null}}, {"model": "dashboard.typeprestation", "pk": 4, "fields": {"type_prestation": "Envoi coffre fort num\u00e9rique", "notes": null}}, {"model": "dashboard.flux", "pk": 2, "fields": {"flux": "flux"}}, {"model": "dashboard.flux", "pk": 3, "fields": {"flux": "documents"}}, {"model": "dashboard.categorieforfait", "pk": 1, "fields": {"categorie_forfait": "flux 3ans 3Go/an", "duree": 3, "flux": 2, "volume": "3.0"}}, {"model": "dashboard.categorieforfait", "pk": 2, "fields": {"categorie_forfait": "flux 5ans 3Go/an", "duree": 5, "flux": 2, "volume": "3.0"}}, {"model": "dashboard.categorieforfait", "pk": 3, "fields": {"categorie_forfait": "flux 5ans 1.5Go/an", "duree": 5, "flux": 2, "volume": "1.5"}}, {"model": "dashboard.categorieforfait", "pk": 4, "fields": {"categorie_forfait": "flux 3ans 0.5Go/an", "duree": 3, "flux": 2, "volume": "0.5"}}, {"model": "dashboard.categorieforfait", "pk": 5, "fields": {"categorie_forfait": "flux 3ans 3000 docs/an", "duree": 3, "flux": 3, "volume": "3000.0"}}, {"model": "dashboard.categorieforfait", "pk": 6, "fields": {"categorie_forfait": "flux 5ans 3000 docs/an", "duree": 5, "flux": 3, "volume": "3000.0"}}, {"model": "dashboard.categorieforfait", "pk": 7, "fields": {"categorie_forfait": "flux 5 ans 1200 docs/an", "duree": 5, "flux": 3, "volume": "1200.0"}}, {"model": "dashboard.categorieforfait", "pk": 8, "fields": {"categorie_forfait": "flux 5ans 5Go/an", "duree": 5, "flux": 2, "volume": "5.0"}}, {"model": "dashboard.categorieforfait", "pk": 9, "fields": {"categorie_forfait": "flux 5ans 0.5Go/an", "duree": 5, "flux": 2, "volume": "0.5"}}, {"model": "dashboard.categorieforfait", "pk": 10, "fields": {"categorie_forfait": "flux 5ans 9Go/an", "duree": 5, "flux": 2, "volume": "9.0"}}, {"model": "dashboard.categorieforfait", "pk": 11, "fields": {"categorie_forfait": "Forfait temporaire", "duree": 0, "flux": 3, "volume": "100.0"}}, {"model": "dashboard.categorieforfait", "pk": 12, "fields": {"categorie_forfait": "Forfait flux 1an 0,5 Go flux", "duree": 1, "flux": 2, "volume": "0.5"}}, {"model": "dashboard.revendeur", "pk": 1, "fields": {"nom": "SoluInfoService", "notes": "soluinfoservice"}}, {"model": "dashboard.revendeur", "pk": 2, "fields": {"nom": "Soludoc", "notes": "soludoc"}}, {"model": "dashboard.client", "pk": 1, "fields": {"nom": "ABLE SAS", "adresse1": "7, rue du THAL", "adresse2": "", "code_postal": "67210", "ville": "OBERNAI"}}, {"model": "dashboard.client", "pk": 2, "fields": {"nom": "BREDOK PRO", "adresse1": "9, rue du Ried", "adresse2": "Z.I du Ried", "code_postal": "67590", "ville": "SCHWEIGHOUSE SUR MODER"}}, {"model": "dashboard.client", "pk": 3, "fields": {"nom": "EUROLOGISTIC FRANCE", "adresse1": "12, rue de CHERBOURG", "adresse2": "", "code_postal": "67100", "ville": "STRASBOURG"}}, {"model": "dashboard.client", "pk": 4, "fields": {"nom": "TPN", "adresse1": "135, rue du Mar\u00e9chal FOCH", "adresse2": "", "code_postal": "67380", "ville": "LINGOLSHEIM"}}, {"model": "dashboard.client", "pk": 5, "fields": {"nom": "TRYAD CONSEIL", "adresse1": "8, rue de l'industrie", "adresse2": "", "code_postal": "67114", "ville": "ESCHAU"}}, {"model": "dashboard.client", "pk": 6, "fields": {"nom": "ENTREPRISE GROSS", "adresse1": "Rue de la vieille Bruche", "adresse2": "", "code_postal": "67130", "ville": "LUTZELHOUSE"}}, {"model": "dashboard.client", "pk": 7, "fields": {"nom": "REHA PLUS", "adresse1": "38, rue du foss\u00e9 Riepberg", "adresse2": "", "code_postal": "67100", "ville": "STRASBOURG"}}, {"model": "dashboard.client", "pk": 8, "fields": {"nom": "ALCA", "adresse1": "4, rue Jean Monnet", "adresse2": "", "code_postal": "67201", "ville": "ECKBOLSHEIM"}}, {"model": "dashboard.client", "pk": 9, "fields": {"nom": "RUFFY JEAN-LUC-SARL", "adresse1": "4, Lieu-dit Breitnacker", "adresse2": "", "code_postal": "67250", "ville": "INGOLSHEIM"}}, {"model": "dashboard.client", "pk": 10, "fields": {"nom": "MCN SARL", "adresse1": "Zone Artisanale \r\n4, rue du Sandholz", "adresse2": "BP 30105", "code_postal": "67110", "ville": "NIEDERBRONN LES BAINS"}}, {"model": "dashboard.client", "pk": 11, "fields": {"nom": "MAISON_WUNSCHEL", "adresse1": "25, rue du G\u00e9n\u00e9ral de Gaulle", "adresse2": "", "code_postal": "67116", "ville": "REICHSTETT"}}, {"model": "dashboard.client", "pk": 12, "fields": {"nom": "ESPACE_CASHER", "adresse1": "20, rue Sellenick", "adresse2": "", "code_postal": "67000", "ville": "STRASBOURG"}}, {"model": "dashboard.client", "pk": 13, "fields": {"nom": "ESPACE PAYSAGERS", "adresse1": "173, rue du Mar\u00e9chal Foch", "adresse2": "", "code_postal": "67380", "ville": "LINGOLSHEIM"}}, {"model": "dashboard.client", "pk": 14, "fields": {"nom": "ASSOCIATION JEAN BAPTISTE THIERY", "adresse1": "13, rue de la r\u00e9publique", "adresse2": "", "code_postal": "54320", "ville": "MAXEVILLE"}}, {"model": "dashboard.client", "pk": 15, "fields": {"nom": "THIERRY MULLER ESPACE VERT", "adresse1": "10, rue du commerce", "adresse2": "", "code_postal": "67118", "ville": "GEISPOLSHEIM"}}, {"model": "dashboard.client", "pk": 16, "fields": {"nom": "SIMSE IMAGERIE MED STRASBOURG", "adresse1": "2, place de l'Eglise", "adresse2": "", "code_postal": "67300", "ville": "SCHILTIGHEIM"}}, {"model": "dashboard.client", "pk": 17, "fields": {"nom": "EHPAD MAISON RETRAITE SAINT JOSEPH", "adresse1": "113, avenue de Strasbourg", "adresse2": "", "code_postal": "54000", "ville": "NANCY"}}, {"model": "dashboard.client", "pk": 18, "fields": {"nom": "LE PIN PARASOL", "adresse1": "2a route de Brumath", "adresse2": "", "code_postal": "67450", "ville": "MUNDOLSHEIM"}}, {"model": "dashboard.client", "pk": 19, "fields": {"nom": "SOC ALSACIENNE DE PARATONNERRES", "adresse1": "21, rue de l'Engelbreit", "adresse2": "", "code_postal": "67200", "ville": "STRASBOURG"}}, {"model": "dashboard.client", "pk": 20, "fields": {"nom": "FEIN FRANCE", "adresse1": "18, rue d'Ottersviller", "adresse2": "", "code_postal": "67700", "ville": "SAVERNE"}}, {"model": "dashboard.client", "pk": 21, "fields": {"nom": "BIOVALLEY FRANCE", "adresse1": "Parc Innovation", "adresse2": "550 bld Gonthier d'Andernach", "code_postal": "67400", "ville": "ILLKIRCH GRAFFENSTADEN"}}, {"model": "dashboard.client", "pk": 22, "fields": {"nom": "LOGIC-SAS", "adresse1": "24, avenue FOCH", "adresse2": "", "code_postal": "54270", "ville": "ESSEY LES NANCY"}}, {"model": "dashboard.client", "pk": 23, "fields": {"nom": "AB SECURITE", "adresse1": "6, all\u00e9e des Erables", "adresse2": "", "code_postal": "88000", "ville": "EPINAL"}}, {"model": "dashboard.client", "pk": 24, "fields": {"nom": "APBP", "adresse1": "Artistes Peintres de la Bouche et du Pied", "adresse2": "Route Ecospace", "code_postal": "67120", "ville": "MOLSHEIM"}}, {"model": "dashboard.client", "pk": 25, "fields": {"nom": "GERSTEACKER", "adresse1": "8, rue Fran\u00e7ois Carabin", "adresse2": "", "code_postal": "67700", "ville": "SAVERNE"}}, {"model": "dashboard.client", "pk": 26, "fields": {"nom": "COCIREL-POKKY", "adresse1": "12, Rue de la Seille", "adresse2": "", "code_postal": "54320", "ville": "MAXEVILLE"}}, {"model": "dashboard.client", "pk": 27, "fields": {"nom": "EUROPE SERVICES", "adresse1": "5 Rue VAUBAN", "adresse2": "", "code_postal": "67450", "ville": "MUNDOLSHEIM"}}, {"model": "dashboard.typeprojet", "pk": 1, "fields": {"type_projet": "Zeendoc", "icone": ""}}, {"model": "dashboard.typeprojet", "pk": 2, "fields": {"type_projet": "Refonte site internet", "icone": ""}}, {"model": "dashboard.projet", "pk": 1, "fields": {"client": 1, "type_projet": 1, "num_armoire": "15218", "revendeur": 2}}, {"model": "dashboard.projet", "pk": 2, "fields": {"client": 2, "type_projet": 1, "num_armoire": "15242", "revendeur": 2}}, {"model": "dashboard.projet", "pk": 3, "fields": {"client": 3, "type_projet": 1, "num_armoire": "15243", "revendeur": 2}}, {"model": "dashboard.projet", "pk": 4, "fields": {"client": 4, "type_projet": 1, "num_armoire": "15454", "revendeur": 2}}, {"model": "dashboard.projet", "pk": 5, "fields": {"client": 5, "type_projet": 1, "num_armoire": "14793", "revendeur": 2}}, {"model": "dashboard.projet", "pk": 6, "fields": {"client": 6, "type_projet": 1, "num_armoire": "14008", "revendeur": 2}}, {"model": "dashboard.projet", "pk": 7, "fields": {"client": 7, "type_projet": 1, "num_armoire": "13511", "revendeur": 2}}, {"model": "dashboard.projet", "pk": 8, "fields": {"client": 8, "type_projet": 1, "num_armoire": "13386", "revendeur": 2}}, {"model": "dashboard.projet", "pk": 9, "fields": {"client": 9, "type_projet": 1, "num_armoire": "12407", "revendeur": 2}}, {"model": "dashboard.projet", "pk": 10, "fields": {"client": 10, "type_projet": 1, "num_armoire": "12404", "revendeur": 2}}, {"model": "dashboard.projet", "pk": 11, "fields": {"client": 11, "type_projet": 1, "num_armoire": "12216", "revendeur": 2}}, {"model": "dashboard.projet", "pk": 12, "fields": {"client": 12, "type_projet": 1, "num_armoire": "12041", "revendeur": 2}}, {"model": "dashboard.projet", "pk": 13, "fields": {"client": 13, "type_projet": 1, "num_armoire": "11240", "revendeur": 2}}, {"model": "dashboard.projet", "pk": 14, "fields": {"client": 14, "type_projet": 1, "num_armoire": "10752", "revendeur": 1}}, {"model": "dashboard.projet", "pk": 15, "fields": {"client": 15, "type_projet": 1, "num_armoire": "10667", "revendeur": 2}}, {"model": "dashboard.projet", "pk": 16, "fields": {"client": 16, "type_projet": 1, "num_armoire": "10554", "revendeur": 2}}, {"model": "dashboard.projet", "pk": 17, "fields": {"client": 17, "type_projet": 1, "num_armoire": "10511", "revendeur": 1}}, {"model": "dashboard.projet", "pk": 18, "fields": {"client": 18, "type_projet": 1, "num_armoire": "9177", "revendeur": 2}}, {"model": "dashboard.projet", "pk": 19, "fields": {"client": 19, "type_projet": 1, "num_armoire": "9176", "revendeur": 2}}, {"model": "dashboard.projet", "pk": 20, "fields": {"client": 20, "type_projet": 1, "num_armoire": "8887", "revendeur": 2}}, {"model": "dashboard.projet", "pk": 21, "fields": {"client": 21, "type_projet": 1, "num_armoire": "6997", "revendeur": 2}}, {"model": "dashboard.projet", "pk": 22, "fields": {"client": 22, "type_projet": 1, "num_armoire": "15514", "revendeur": 1}}, {"model": "dashboard.projet", "pk": 23, "fields": {"client": 23, "type_projet": 1, "num_armoire": "15557", "revendeur": 1}}, {"model": "dashboard.projet", "pk": 24, "fields": {"client": 24, "type_projet": 1, "num_armoire": "16894", "revendeur": 2}}, {"model": "dashboard.projet", "pk": 25, "fields": {"client": 26, "type_projet": 1, "num_armoire": "16672", "revendeur": 1}}, {"model": "dashboard.projet", "pk": 26, "fields": {"client": 27, "type_projet": 1, "num_armoire": "16419", "revendeur": 1}}, {"model": "dashboard.forfait", "pk": 3, "fields": {"date_commande": "2021-12-23", "projet": 3, "url": "eurologistic_france", "classeurs": "1;2;3", "categorie_forfait": 4}}, {"model": "dashboard.forfait", "pk": 4, "fields": {"date_commande": "2021-12-23", "projet": 2, "url": "bredok_pro", "classeurs": "1;2;3;4", "categorie_forfait": 2}}, {"model": "dashboard.forfait", "pk": 5, "fields": {"date_commande": "2021-12-23", "projet": 1, "url": "able_sas", "classeurs": "1;2", "categorie_forfait": 2}}, {"model": "dashboard.forfait", "pk": 6, "fields": {"date_commande": "2021-12-07", "projet": 4, "url": "tpn", "classeurs": "1;2", "categorie_forfait": 3}}, {"model": "dashboard.forfait", "pk": 7, "fields": {"date_commande": "2019-05-28", "projet": 21, "url": "biovalley_france", "classeurs": "1;2;5;4;3;8", "categorie_forfait": 5}}, {"model": "dashboard.forfait", "pk": 8, "fields": {"date_commande": "2020-01-18", "projet": 20, "url": "fein_france", "classeurs": "1;3", "categorie_forfait": 6}}, {"model": "dashboard.forfait", "pk": 9, "fields": {"date_commande": "2020-02-23", "projet": 19, "url": "soc_alsacienne_de_paratonnerres", "classeurs": "2", "categorie_forfait": 7}}, {"model": "dashboard.forfait", "pk": 10, "fields": {"date_commande": "2020-02-23", "projet": 18, "url": "le_pin_parasol", "classeurs": "1;2", "categorie_forfait": 7}}, {"model": "dashboard.forfait", "pk": 11, "fields": {"date_commande": "2020-08-20", "projet": 17, "url": "ehpad_maison_retraite_saint_joseph", "classeurs": "1;2;3", "categorie_forfait": 3}}, {"model": "dashboard.forfait", "pk": 12, "fields": {"date_commande": "2020-08-26", "projet": 16, "url": "simse_imagerie_med_strasbourg", "classeurs": "2;4", "categorie_forfait": 3}}, {"model": "dashboard.forfait", "pk": 13, "fields": {"date_commande": "2020-08-25", "projet": 15, "url": "thierry_muller_espace_vert", "classeurs": "6;3;2;10;4;11", "categorie_forfait": 8}}, {"model": "dashboard.forfait", "pk": 14, "fields": {"date_commande": "2021-11-17", "projet": 5, "url": "tryad_conseil", "classeurs": "1;2", "categorie_forfait": 2}}, {"model": "dashboard.forfait", "pk": 15, "fields": {"date_commande": "2021-08-21", "projet": 6, "url": "entreprise_gross", "classeurs": "1;2;3;4", "categorie_forfait": 3}}, {"model": "dashboard.forfait", "pk": 16, "fields": {"date_commande": "2021-07-07", "projet": 7, "url": "reha_plus", "classeurs": "1;2;3;4;5;6", "categorie_forfait": 3}}, {"model": "dashboard.forfait", "pk": 17, "fields": {"date_commande": "2021-06-26", "projet": 8, "url": "alca", "classeurs": "1;2", "categorie_forfait": 2}}, {"model": "dashboard.forfait", "pk": 18, "fields": {"date_commande": "2021-03-21", "projet": 9, "url": "ruffy_jeanluc_sarl", "classeurs": "1;3", "categorie_forfait": 9}}, {"model": "dashboard.forfait", "pk": 19, "fields": {"date_commande": "2021-03-21", "projet": 10, "url": "mcn_sarl", "classeurs": "2;3", "categorie_forfait": 9}}, {"model": "dashboard.forfait", "pk": 20, "fields": {"date_commande": "2021-03-02", "projet": 11, "url": "maison_wunschel", "classeurs": "1;3;5;2;6;7;8;9;10;11;12;13;14;15;16;17;18;19;20;21", "categorie_forfait": 3}}, {"model": "dashboard.forfait", "pk": 21, "fields": {"date_commande": "2021-02-17", "projet": 12, "url": "espace_casher", "classeurs": "1;2;3", "categorie_forfait": 3}}, {"model": "dashboard.forfait", "pk": 22, "fields": {"date_commande": "2020-11-22", "projet": 13, "url": "espaces_paysagers", "classeurs": "1;3;4;5;7;8;9", "categorie_forfait": 2}}, {"model": "dashboard.forfait", "pk": 23, "fields": {"date_commande": "2020-10-03", "projet": 14, "url": "association_jean_baptiste_thierry", "classeurs": "1;6;3;4;7", "categorie_forfait": 10}}, {"model": "dashboard.forfait", "pk": 24, "fields": {"date_commande": "2021-12-10", "projet": 22, "url": "logicsas", "classeurs": "1;2", "categorie_forfait": 12}}, {"model": "dashboard.forfait", "pk": 25, "fields": {"date_commande": "2022-01-28", "projet": 23, "url": "ab_securite", "classeurs": "1;2;3;4", "categorie_forfait": 3}}, {"model": "dashboard.forfait", "pk": 26, "fields": {"date_commande": "2022-04-07", "projet": 24, "url": "apbp", "classeurs": "1;2", "categorie_forfait": 3}}, {"model": "dashboard.forfait", "pk": 27, "fields": {"date_commande": "2022-04-07", "projet": 25, "url": "cocirelpokky", "classeurs": "1;2;3;4;5", "categorie_forfait": 7}}, {"model": "dashboard.forfait", "pk": 28, "fields": {"date_commande": "2022-06-01", "projet": 26, "url": null, "classeurs": null, "categorie_forfait": 11}}, {"model": "dashboard.consommation", "pk": 148, "fields": {"date": "2022-04-08", "forfait": 5, "nb_docs": 7, "volume_docs": "1.31"}}, {"model": "dashboard.consommation", "pk": 149, "fields": {"date": "2022-04-08", "forfait": 4, "nb_docs": 4, "volume_docs": "0.86"}}, {"model": "dashboard.consommation", "pk": 150, "fields": {"date": "2022-04-08", "forfait": 3, "nb_docs": 9, "volume_docs": "5.26"}}, {"model": "dashboard.consommation", "pk": 151, "fields": {"date": "2022-04-08", "forfait": 6, "nb_docs": 595, "volume_docs": "171.06"}}, {"model": "dashboard.consommation", "pk": 152, "fields": {"date": "2022-04-08", "forfait": 14, "nb_docs": 66, "volume_docs": "10.75"}}, {"model": "dashboard.consommation", "pk": 154, "fields": {"date": "2022-04-08", "forfait": 16, "nb_docs": 4, "volume_docs": "2.74"}}, {"model": "dashboard.consommation", "pk": 155, "fields": {"date": "2022-04-08", "forfait": 17, "nb_docs": 143, "volume_docs": "37.30"}}, {"model": "dashboard.consommation", "pk": 156, "fields": {"date": "2022-04-08", "forfait": 18, "nb_docs": 24, "volume_docs": "4.93"}}, {"model": "dashboard.consommation", "pk": 157, "fields": {"date": "2022-04-08", "forfait": 19, "nb_docs": 2339, "volume_docs": "777.41"}}, {"model": "dashboard.consommation", "pk": 158, "fields": {"date": "2022-04-08", "forfait": 20, "nb_docs": 5903, "volume_docs": "3604.66"}}, {"model": "dashboard.consommation", "pk": 159, "fields": {"date": "2022-04-08", "forfait": 21, "nb_docs": 8470, "volume_docs": "3909.48"}}, {"model": "dashboard.consommation", "pk": 160, "fields": {"date": "2022-04-08", "forfait": 22, "nb_docs": 2728, "volume_docs": "1611.31"}}, {"model": "dashboard.consommation", "pk": 161, "fields": {"date": "2022-04-08", "forfait": 23, "nb_docs": 32079, "volume_docs": "25117.82"}}, {"model": "dashboard.consommation", "pk": 162, "fields": {"date": "2022-04-08", "forfait": 13, "nb_docs": 7824, "volume_docs": "3526.17"}}, {"model": "dashboard.consommation", "pk": 163, "fields": {"date": "2022-04-08", "forfait": 12, "nb_docs": 773, "volume_docs": "4726.67"}}, {"model": "dashboard.consommation", "pk": 164, "fields": {"date": "2022-04-08", "forfait": 11, "nb_docs": 2020, "volume_docs": "584.42"}}, {"model": "dashboard.consommation", "pk": 165, "fields": {"date": "2022-04-08", "forfait": 10, "nb_docs": 2417, "volume_docs": "1141.11"}}, {"model": "dashboard.consommation", "pk": 166, "fields": {"date": "2022-04-08", "forfait": 9, "nb_docs": 6, "volume_docs": "0.58"}}, {"model": "dashboard.consommation", "pk": 167, "fields": {"date": "2022-04-08", "forfait": 8, "nb_docs": 8763, "volume_docs": "20100.99"}}, {"model": "dashboard.consommation", "pk": 169, "fields": {"date": "2022-04-08", "forfait": 24, "nb_docs": 354, "volume_docs": "661.53"}}, {"model": "dashboard.consommation", "pk": 170, "fields": {"date": "2022-04-08", "forfait": 25, "nb_docs": 293, "volume_docs": "39.16"}}, {"model": "dashboard.consommation", "pk": 173, "fields": {"date": "2022-04-15", "forfait": 5, "nb_docs": 7, "volume_docs": "1.31"}}, {"model": "dashboard.consommation", "pk": 174, "fields": {"date": "2022-04-15", "forfait": 4, "nb_docs": 4, "volume_docs": "0.86"}}, {"model": "dashboard.consommation", "pk": 175, "fields": {"date": "2022-04-15", "forfait": 3, "nb_docs": 9, "volume_docs": "5.26"}}, {"model": "dashboard.consommation", "pk": 176, "fields": {"date": "2022-04-15", "forfait": 6, "nb_docs": 611, "volume_docs": "175.76"}}, {"model": "dashboard.consommation", "pk": 177, "fields": {"date": "2022-04-15", "forfait": 14, "nb_docs": 66, "volume_docs": "10.75"}}, {"model": "dashboard.consommation", "pk": 179, "fields": {"date": "2022-04-15", "forfait": 16, "nb_docs": 4, "volume_docs": "2.74"}}, {"model": "dashboard.consommation", "pk": 180, "fields": {"date": "2022-04-15", "forfait": 17, "nb_docs": 149, "volume_docs": "38.78"}}, {"model": "dashboard.consommation", "pk": 181, "fields": {"date": "2022-04-15", "forfait": 18, "nb_docs": 24, "volume_docs": "4.93"}}, {"model": "dashboard.consommation", "pk": 182, "fields": {"date": "2022-04-15", "forfait": 19, "nb_docs": 2397, "volume_docs": "791.29"}}, {"model": "dashboard.consommation", "pk": 183, "fields": {"date": "2022-04-15", "forfait": 20, "nb_docs": 5917, "volume_docs": "3608.61"}}, {"model": "dashboard.consommation", "pk": 185, "fields": {"date": "2022-04-15", "forfait": 22, "nb_docs": 2752, "volume_docs": "1623.28"}}, {"model": "dashboard.consommation", "pk": 188, "fields": {"date": "2022-04-15", "forfait": 12, "nb_docs": 773, "volume_docs": "4726.67"}}, {"model": "dashboard.consommation", "pk": 189, "fields": {"date": "2022-04-15", "forfait": 11, "nb_docs": 2046, "volume_docs": "589.46"}}, {"model": "dashboard.consommation", "pk": 190, "fields": {"date": "2022-04-15", "forfait": 10, "nb_docs": 2447, "volume_docs": "1158.15"}}, {"model": "dashboard.consommation", "pk": 191, "fields": {"date": "2022-04-15", "forfait": 9, "nb_docs": 6, "volume_docs": "0.58"}}, {"model": "dashboard.consommation", "pk": 194, "fields": {"date": "2022-04-15", "forfait": 24, "nb_docs": 361, "volume_docs": "667.32"}}, {"model": "dashboard.consommation", "pk": 195, "fields": {"date": "2022-04-15", "forfait": 25, "nb_docs": 328, "volume_docs": "42.97"}}, {"model": "dashboard.consommation", "pk": 198, "fields": {"date": "2022-06-02", "forfait": 5, "nb_docs": 7, "volume_docs": "1.31"}}, {"model": "dashboard.consommation", "pk": 199, "fields": {"date": "2022-06-02", "forfait": 4, "nb_docs": 4, "volume_docs": "0.86"}}, {"model": "dashboard.consommation", "pk": 200, "fields": {"date": "2022-06-02", "forfait": 3, "nb_docs": 9, "volume_docs": "5.26"}}, {"model": "dashboard.consommation", "pk": 201, "fields": {"date": "2022-06-02", "forfait": 6, "nb_docs": 1069, "volume_docs": "270.54"}}, {"model": "dashboard.consommation", "pk": 202, "fields": {"date": "2022-06-02", "forfait": 14, "nb_docs": 66, "volume_docs": "10.75"}}, {"model": "dashboard.consommation", "pk": 203, "fields": {"date": "2022-06-02", "forfait": 15, "nb_docs": 19, "volume_docs": "18.65"}}, {"model": "dashboard.consommation", "pk": 204, "fields": {"date": "2022-06-02", "forfait": 16, "nb_docs": 4, "volume_docs": "2.74"}}, {"model": "dashboard.consommation", "pk": 205, "fields": {"date": "2022-06-02", "forfait": 17, "nb_docs": 208, "volume_docs": "75.07"}}, {"model": "dashboard.consommation", "pk": 206, "fields": {"date": "2022-06-02", "forfait": 18, "nb_docs": 24, "volume_docs": "4.93"}}, {"model": "dashboard.consommation", "pk": 207, "fields": {"date": "2022-06-02", "forfait": 19, "nb_docs": 2676, "volume_docs": "889.37"}}, {"model": "dashboard.consommation", "pk": 208, "fields": {"date": "2022-06-02", "forfait": 20, "nb_docs": 6347, "volume_docs": "4059.82"}}, {"model": "dashboard.consommation", "pk": 210, "fields": {"date": "2022-06-02", "forfait": 22, "nb_docs": 2976, "volume_docs": "1737.09"}}, {"model": "dashboard.consommation", "pk": 213, "fields": {"date": "2022-06-02", "forfait": 12, "nb_docs": 977, "volume_docs": "4968.79"}}, {"model": "dashboard.consommation", "pk": 214, "fields": {"date": "2022-06-02", "forfait": 11, "nb_docs": 2212, "volume_docs": "627.86"}}, {"model": "dashboard.consommation", "pk": 215, "fields": {"date": "2022-06-02", "forfait": 10, "nb_docs": 2596, "volume_docs": "1229.85"}}, {"model": "dashboard.consommation", "pk": 216, "fields": {"date": "2022-06-02", "forfait": 9, "nb_docs": 6, "volume_docs": "0.58"}}, {"model": "dashboard.consommation", "pk": 219, "fields": {"date": "2022-06-02", "forfait": 24, "nb_docs": 480, "volume_docs": "861.84"}}, {"model": "dashboard.consommation", "pk": 220, "fields": {"date": "2022-06-02", "forfait": 25, "nb_docs": 1036, "volume_docs": "162.63"}}, {"model": "dashboard.consommation", "pk": 223, "fields": {"date": "2022-06-02", "forfait": 5, "nb_docs": 7, "volume_docs": "1.31"}}, {"model": "dashboard.consommation", "pk": 224, "fields": {"date": "2022-06-02", "forfait": 4, "nb_docs": 4, "volume_docs": "0.86"}}, {"model": "dashboard.consommation", "pk": 225, "fields": {"date": "2022-06-02", "forfait": 3, "nb_docs": 9, "volume_docs": "5.26"}}, {"model": "dashboard.consommation", "pk": 226, "fields": {"date": "2022-06-02", "forfait": 6, "nb_docs": 1069, "volume_docs": "270.54"}}, {"model": "dashboard.consommation", "pk": 227, "fields": {"date": "2022-06-02", "forfait": 14, "nb_docs": 66, "volume_docs": "10.75"}}, {"model": "dashboard.consommation", "pk": 228, "fields": {"date": "2022-06-02", "forfait": 15, "nb_docs": 19, "volume_docs": "18.65"}}, {"model": "dashboard.consommation", "pk": 229, "fields": {"date": "2022-06-02", "forfait": 16, "nb_docs": 4, "volume_docs": "2.74"}}, {"model": "dashboard.consommation", "pk": 230, "fields": {"date": "2022-06-02", "forfait": 17, "nb_docs": 208, "volume_docs": "75.07"}}, {"model": "dashboard.consommation", "pk": 231, "fields": {"date": "2022-06-02", "forfait": 18, "nb_docs": 24, "volume_docs": "4.93"}}, {"model": "dashboard.consommation", "pk": 232, "fields": {"date": "2022-06-02", "forfait": 19, "nb_docs": 2680, "volume_docs": "890.45"}}, {"model": "dashboard.consommation", "pk": 233, "fields": {"date": "2022-06-02", "forfait": 20, "nb_docs": 6347, "volume_docs": "4059.82"}}, {"model": "dashboard.consommation", "pk": 234, "fields": {"date": "2022-06-02", "forfait": 21, "nb_docs": 9980, "volume_docs": "4643.18"}}, {"model": "dashboard.consommation", "pk": 235, "fields": {"date": "2022-06-02", "forfait": 22, "nb_docs": 2984, "volume_docs": "1741.69"}}, {"model": "dashboard.consommation", "pk": 237, "fields": {"date": "2022-06-02", "forfait": 13, "nb_docs": 8648, "volume_docs": "3965.33"}}, {"model": "dashboard.consommation", "pk": 238, "fields": {"date": "2022-06-02", "forfait": 12, "nb_docs": 977, "volume_docs": "4968.79"}}, {"model": "dashboard.consommation", "pk": 239, "fields": {"date": "2022-06-02", "forfait": 11, "nb_docs": 2212, "volume_docs": "627.86"}}, {"model": "dashboard.consommation", "pk": 240, "fields": {"date": "2022-06-02", "forfait": 10, "nb_docs": 2597, "volume_docs": "1229.94"}}, {"model": "dashboard.consommation", "pk": 241, "fields": {"date": "2022-06-02", "forfait": 9, "nb_docs": 6, "volume_docs": "0.58"}}, {"model": "dashboard.consommation", "pk": 242, "fields": {"date": "2022-06-02", "forfait": 8, "nb_docs": 9678, "volume_docs": "20328.78"}}, {"model": "dashboard.consommation", "pk": 244, "fields": {"date": "2022-06-02", "forfait": 24, "nb_docs": 480, "volume_docs": "861.84"}}, {"model": "dashboard.consommation", "pk": 245, "fields": {"date": "2022-06-02", "forfait": 25, "nb_docs": 1036, "volume_docs": "162.63"}}, {"model": "dashboard.consommation", "pk": 248, "fields": {"date": "2022-06-02", "forfait": 5, "nb_docs": 7, "volume_docs": "1.31"}}, {"model": "dashboard.consommation", "pk": 249, "fields": {"date": "2022-06-02", "forfait": 4, "nb_docs": 4, "volume_docs": "0.86"}}, {"model": "dashboard.consommation", "pk": 250, "fields": {"date": "2022-06-02", "forfait": 3, "nb_docs": 9, "volume_docs": "5.26"}}, {"model": "dashboard.consommation", "pk": 251, "fields": {"date": "2022-06-02", "forfait": 6, "nb_docs": 1069, "volume_docs": "270.54"}}, {"model": "dashboard.consommation", "pk": 252, "fields": {"date": "2022-06-02", "forfait": 14, "nb_docs": 66, "volume_docs": "10.75"}}, {"model": "dashboard.consommation", "pk": 253, "fields": {"date": "2022-06-02", "forfait": 15, "nb_docs": 19, "volume_docs": "18.65"}}, {"model": "dashboard.consommation", "pk": 254, "fields": {"date": "2022-06-02", "forfait": 16, "nb_docs": 4, "volume_docs": "2.74"}}, {"model": "dashboard.consommation", "pk": 255, "fields": {"date": "2022-06-02", "forfait": 17, "nb_docs": 208, "volume_docs": "75.07"}}, {"model": "dashboard.consommation", "pk": 256, "fields": {"date": "2022-06-02", "forfait": 18, "nb_docs": 24, "volume_docs": "4.93"}}, {"model": "dashboard.consommation", "pk": 257, "fields": {"date": "2022-06-02", "forfait": 19, "nb_docs": 2680, "volume_docs": "890.45"}}, {"model": "dashboard.consommation", "pk": 258, "fields": {"date": "2022-06-02", "forfait": 20, "nb_docs": 6347, "volume_docs": "4059.82"}}, {"model": "dashboard.consommation", "pk": 259, "fields": {"date": "2022-06-02", "forfait": 21, "nb_docs": 9981, "volume_docs": "4643.46"}}, {"model": "dashboard.consommation", "pk": 260, "fields": {"date": "2022-06-02", "forfait": 22, "nb_docs": 2984, "volume_docs": "1741.69"}}, {"model": "dashboard.consommation", "pk": 262, "fields": {"date": "2022-06-02", "forfait": 13, "nb_docs": 21557, "volume_docs": "13859.61"}}, {"model": "dashboard.consommation", "pk": 263, "fields": {"date": "2022-06-02", "forfait": 12, "nb_docs": 977, "volume_docs": "4968.79"}}, {"model": "dashboard.consommation", "pk": 264, "fields": {"date": "2022-06-02", "forfait": 11, "nb_docs": 2212, "volume_docs": "627.86"}}, {"model": "dashboard.consommation", "pk": 265, "fields": {"date": "2022-06-02", "forfait": 10, "nb_docs": 2597, "volume_docs": "1229.94"}}, {"model": "dashboard.consommation", "pk": 266, "fields": {"date": "2022-06-02", "forfait": 9, "nb_docs": 6, "volume_docs": "0.58"}}, {"model": "dashboard.consommation", "pk": 267, "fields": {"date": "2022-06-02", "forfait": 8, "nb_docs": 9681, "volume_docs": "20329.04"}}, {"model": "dashboard.consommation", "pk": 269, "fields": {"date": "2022-06-02", "forfait": 24, "nb_docs": 480, "volume_docs": "861.84"}}, {"model": "dashboard.consommation", "pk": 270, "fields": {"date": "2022-06-02", "forfait": 25, "nb_docs": 1036, "volume_docs": "162.63"}}, {"model": "dashboard.consommation", "pk": 273, "fields": {"date": "2022-06-03", "forfait": 5, "nb_docs": 7, "volume_docs": "1.31"}}, {"model": "dashboard.consommation", "pk": 274, "fields": {"date": "2022-06-03", "forfait": 4, "nb_docs": 4, "volume_docs": "0.86"}}, {"model": "dashboard.consommation", "pk": 275, "fields": {"date": "2022-06-03", "forfait": 3, "nb_docs": 9, "volume_docs": "5.26"}}, {"model": "dashboard.consommation", "pk": 276, "fields": {"date": "2022-06-03", "forfait": 6, "nb_docs": 1070, "volume_docs": "270.55"}}, {"model": "dashboard.consommation", "pk": 277, "fields": {"date": "2022-06-03", "forfait": 14, "nb_docs": 66, "volume_docs": "10.75"}}, {"model": "dashboard.consommation", "pk": 278, "fields": {"date": "2022-06-03", "forfait": 15, "nb_docs": 19, "volume_docs": "18.65"}}, {"model": "dashboard.consommation", "pk": 279, "fields": {"date": "2022-06-03", "forfait": 16, "nb_docs": 4, "volume_docs": "2.74"}}, {"model": "dashboard.consommation", "pk": 280, "fields": {"date": "2022-06-03", "forfait": 17, "nb_docs": 208, "volume_docs": "75.07"}}, {"model": "dashboard.consommation", "pk": 281, "fields": {"date": "2022-06-03", "forfait": 18, "nb_docs": 24, "volume_docs": "4.93"}}, {"model": "dashboard.consommation", "pk": 282, "fields": {"date": "2022-06-03", "forfait": 19, "nb_docs": 2712, "volume_docs": "903.96"}}, {"model": "dashboard.consommation", "pk": 283, "fields": {"date": "2022-06-03", "forfait": 20, "nb_docs": 6368, "volume_docs": "4064.20"}}, {"model": "dashboard.consommation", "pk": 285, "fields": {"date": "2022-06-03", "forfait": 22, "nb_docs": 2986, "volume_docs": "1742.26"}}, {"model": "dashboard.consommation", "pk": 288, "fields": {"date": "2022-06-03", "forfait": 12, "nb_docs": 977, "volume_docs": "4968.79"}}, {"model": "dashboard.consommation", "pk": 289, "fields": {"date": "2022-06-03", "forfait": 11, "nb_docs": 2212, "volume_docs": "627.86"}}, {"model": "dashboard.consommation", "pk": 290, "fields": {"date": "2022-06-03", "forfait": 10, "nb_docs": 2599, "volume_docs": "1232.26"}}, {"model": "dashboard.consommation", "pk": 291, "fields": {"date": "2022-06-03", "forfait": 9, "nb_docs": 6, "volume_docs": "0.58"}}, {"model": "dashboard.consommation", "pk": 294, "fields": {"date": "2022-06-03", "forfait": 24, "nb_docs": 480, "volume_docs": "861.84"}}, {"model": "dashboard.consommation", "pk": 295, "fields": {"date": "2022-06-03", "forfait": 25, "nb_docs": 1036, "volume_docs": "162.63"}}, {"model": "dashboard.statuttache", "pk": 1, "fields": {"statut": "\u00e0 programmer", "color": "EE5A51"}}, {"model": "dashboard.statuttache", "pk": 2, "fields": {"statut": "en attente", "color": "FDBD05"}}, {"model": "dashboard.statuttache", "pk": 3, "fields": {"statut": "en cours", "color": "F2F431"}}, {"model": "dashboard.statuttache", "pk": 4, "fields": {"statut": "r\u00e9alis\u00e9e", "color": "70CE36"}}, {"model": "dashboard.intervenant", "pk": 1, "fields": {"nom": "MELIN", "prenom": "Thomas", "email": "t.melin@sisfrance.eu", "tag": "Tom", "notes": ""}}, {"model": "dashboard.intervenant", "pk": 2, "fields": {"nom": "ZEENDOC", "prenom": "Service Passerelle", "email": null, "tag": "zeendoc passerelle", "notes": ""}}, {"model": "dashboard.intervenant", "pk": 3, "fields": {"nom": "ZEENDOC", "prenom": "D\u00e9veloppements sp\u00e9cifiques", "email": null, "tag": "dev_spe", "notes": "Nicolas CHARRIER"}}, {"model": "dashboard.prestation", "pk": 1, "fields": {"projet": 2, "type_prestation": 1, "intervenant": 2, "date_programmee": "2022-01-12", "date_realisation": null, "statut": 3, "notes": "coordinateur passerelle: l.marey@zeendoc.com"}}, {"model": "dashboard.prestation", "pk": 2, "fields": {"projet": 2, "type_prestation": 2, "intervenant": 3, "date_programmee": null, "date_realisation": null, "statut": 1, "notes": null}}, {"model": "dashboard.prestation", "pk": 4, "fields": {"projet": 2, "type_prestation": 3, "intervenant": 3, "date_programmee": null, "date_realisation": null, "statut": 1, "notes": null}}, {"model": "dashboard.prestation", "pk": 5, "fields": {"projet": 1, "type_prestation": 2, "intervenant": 3, "date_programmee": null, "date_realisation": null, "statut": 1, "notes": null}}, {"model": "dashboard.prestation", "pk": 6, "fields": {"projet": 4, "type_prestation": 2, "intervenant": 3, "date_programmee": null, "date_realisation": null, "statut": 1, "notes": null}}, {"model": "dashboard.prestation", "pk": 7, "fields": {"projet": 22, "type_prestation": 1, "intervenant": 2, "date_programmee": "2022-02-09", "date_realisation": null, "statut": 2, "notes": "logiciel de compta : Comptabilit\u00e9Expert Version 21.0.1.22\r\nplan comptable : ok\r\n\r\nModification des champs label des ventilations\r\n\r\nAttente des comptes tiers.\r\n\r\nresponsable thomas hugon : t.hugon@zeendoc.com"}}, {"model": "dashboard.prestation", "pk": 8, "fields": {"projet": 23, "type_prestation": 4, "intervenant": 3, "date_programmee": null, "date_realisation": null, "statut": 1, "notes": ""}}, {"model": "dashboard.prestation", "pk": 9, "fields": {"projet": 5, "type_prestation": 2, "intervenant": 3, "date_programmee": "2022-01-05", "date_realisation": null, "statut": 3, "notes": "tryad-fr.mail.protection.outlook.com 587\r\nIdent : no-reply@tryad.fr\r\nmdp:Th0m@(67114"}}, {"model": "dashboard.prestation", "pk": 10, "fields": {"projet": 23, "type_prestation": 1, "intervenant": 2, "date_programmee": "2022-02-28", "date_realisation": null, "statut": 2, "notes": "-dossier suivi par monsieur will marey w.marey@zeendoc.com"}}, {"model": "dashboard.prestation", "pk": 11, "fields": {"projet": 23, "type_prestation": 4, "intervenant": 3, "date_programmee": null, "date_realisation": null, "statut": 1, "notes": ""}}, {"model": "dashboard.tache", "pk": 2, "fields": {"projet": 1, "nom": "R\u00e9alisation classeurs + workflow", "date_programmee": "2021-12-08", "date_echeance": "2021-12-29", "date_realisation": null, "statut": 3, "temps_passe": "2", "description": "Cr\u00e9ation classeur Factures fournisseurs\r\nCr\u00e9ation classeur Factures projets\r\nImport utilisateurs et droits\r\nCr\u00e9ation exemple workflow", "personnes_en_charge": [1]}}, {"model": "dashboard.tache", "pk": 3, "fields": {"projet": 2, "nom": "R\u00e9alisation classeurs + workflow", "date_programmee": "2021-12-07", "date_echeance": "2021-12-07", "date_realisation": null, "statut": 3, "temps_passe": "2", "description": "", "personnes_en_charge": [1]}}, {"model": "dashboard.tache", "pk": 4, "fields": {"projet": 4, "nom": "R\u00e9alisation classeurs", "date_programmee": "2021-12-07", "date_echeance": "2021-12-24", "date_realisation": null, "statut": 4, "temps_passe": "1h", "description": "Classeur Factures fournisseurs\r\nClasseur Facture projets", "personnes_en_charge": [1]}}, {"model": "dashboard.tache", "pk": 5, "fields": {"projet": 8, "nom": "Cr\u00e9ation 3 comptes", "date_programmee": "2021-12-14", "date_echeance": null, "date_realisation": "2021-12-20", "statut": 4, "temps_passe": "1", "description": "Creation comptes MO Groupe FOCUS MO MO HAGONDANGE", "personnes_en_charge": [1]}}, {"model": "dashboard.tache", "pk": 6, "fields": {"projet": 2, "nom": "Importation comptes comptables", "date_programmee": "2021-12-14", "date_echeance": "2021-12-14", "date_realisation": "2021-12-20", "statut": 4, "temps_passe": "1", "description": "Cr\u00e9ation des listes des comptes comptables bredok pro", "personnes_en_charge": [1]}}, {"model": "dashboard.tache", "pk": 7, "fields": {"projet": 22, "nom": "Cr\u00e9ation classeurs", "date_programmee": "2021-12-14", "date_echeance": "2021-12-14", "date_realisation": "2021-12-14", "statut": 4, "temps_passe": "0", "description": "Cr\u00e9ation classeurs notes de frais et factures fournisseurs.", "personnes_en_charge": [1]}}, {"model": "dashboard.tache", "pk": 8, "fields": {"projet": 22, "nom": "Importation comptes comptables", "date_programmee": "2021-12-15", "date_echeance": "2021-12-16", "date_realisation": "2021-12-15", "statut": 4, "temps_passe": "0", "description": "Importation des comptes comptables", "personnes_en_charge": [1]}}, {"model": "dashboard.tache", "pk": 9, "fields": {"projet": 4, "nom": "Modifications \u00e0 apporter classeur fournisseurs", "date_programmee": "2021-12-20", "date_echeance": "2021-12-20", "date_realisation": "2022-01-07", "statut": 4, "temps_passe": "2", "description": "-R\u00e9cup\u00e9rer listes utilisateurs et droits\r\n-Cr\u00e9er adresse email d\u00e9pot factures comptabilite_tpn@zeenmail.com x\r\n-Verif doublon sur options avancees x\r\n-autocompletion nom chantier x\r\n-cr\u00e9er champ adresse mail en fonction du fournisseur x\r\n-Cr\u00e9ation 3 nouvelles recherches\r\n-Factures \u00e0 payer \u00e9ch\u00e9ance non d\u00e9pass\u00e9e x\r\n-Factures \u00e0 payer \u00e0 15 jours x\r\n-Factures \u00e0 payer \u00e9ch\u00e9ance d\u00e9pass\u00e9e x\r\n-Factures refus\u00e9es sans statut d'envoi ok  x", "personnes_en_charge": [1]}}, {"model": "dashboard.tache", "pk": 10, "fields": {"projet": 5, "nom": "Modification classeurs", "date_programmee": "2022-01-12", "date_echeance": "2022-01-14", "date_realisation": "2022-01-11", "statut": 4, "temps_passe": "2", "description": "S\u00e9paration des factures du classeur dossiers de formations\r\nSuppression de 2 controles de completudes\r\nClasseur factures projets :\r\n\r\nCr\u00e9ation tampon facture acquitt\u00e9e\r\nModifier recherches envoi avec pour les 2 classeurs garder non lus \u00e0 15 et 30j", "personnes_en_charge": [1]}}, {"model": "dashboard.tache", "pk": 11, "fields": {"projet": 5, "nom": "Cr\u00e9ation Imprimante virtuelles", "date_programmee": "2022-01-12", "date_echeance": "2022-01-14", "date_realisation": null, "statut": 1, "temps_passe": null, "description": "Cr\u00e9ation imprimante virtuelle\r\nCr\u00e9ation agent zeendoc", "personnes_en_charge": [1]}}, {"model": "dashboard.tache", "pk": 12, "fields": {"projet": 23, "nom": "Cr\u00e9ation classeurs", "date_programmee": "2022-01-10", "date_echeance": "2022-01-13", "date_realisation": null, "statut": 2, "temps_passe": null, "description": "Cr\u00e9ation classeur Fournisseurs\r\nCr\u00e9ation classeur RH\r\nImport utilisateurs\r\nImport plan comptable", "personnes_en_charge": [1]}}, {"model": "dashboard.tache", "pk": 13, "fields": {"projet": 5, "nom": "Cr\u00e9ation tutoriel utilisateurs", "date_programmee": "2022-01-11", "date_echeance": "2022-01-11", "date_realisation": "2022-01-11", "statut": 4, "temps_passe": "1h", "description": "Cr\u00e9ation tutoriel d'utilisation du classeur Zeendoc dossier formation", "personnes_en_charge": [1]}}, {"model": "dashboard.tache", "pk": 14, "fields": {"projet": 23, "nom": "Pr\u00e9paration workflow de validation simple", "date_programmee": "2022-01-14", "date_echeance": "2022-01-20", "date_realisation": null, "statut": 2, "temps_passe": null, "description": "Mettre en place workflow de validation simple factures fournisseurs.", "personnes_en_charge": [1]}}, {"model": "dashboard.tache", "pk": 15, "fields": {"projet": 5, "nom": "Modification classeurs", "date_programmee": "2022-01-21", "date_echeance": "2022-01-25", "date_realisation": null, "statut": 2, "temps_passe": null, "description": "-enlever items dans liste type document (devis, attestation,formation)\r\n-enlever item stagiaire dans type de formation\r\n-ajouter gestion arborescence dans administration\r\n-rajouter recherche suivi envoy\u00e9 et consult\u00e9\r\n-rajouter dans recherche suivi et non consult\u00e9.\r\nVoir avec zeendoc pour lier plusieurs documents dans indexation global\r\nCr\u00e9er mod\u00e8le manuel sur certificats de stage", "personnes_en_charge": [1]}}, {"model": "dashboard.tache", "pk": 16, "fields": {"projet": 16, "nom": "Modifications classeur factures fournisseurs", "date_programmee": "2022-01-31", "date_echeance": "2022-01-31", "date_realisation": null, "statut": 2, "temps_passe": null, "description": "Modifier requ\u00eates factures \u00e0 payer. ( rajouter crit\u00e8re facture et / ou note de  frais)\r\nEnlever mail psampaio\r\nFiltre pour consultation contrats (cr\u00e9ation nouveau classeur)", "personnes_en_charge": [1]}}, {"model": "dashboard.tache", "pk": 17, "fields": {"projet": 25, "nom": "Cr\u00e9ation classeurs", "date_programmee": "2022-03-23", "date_echeance": "2022-03-24", "date_realisation": "2022-03-24", "statut": 4, "temps_passe": "2h", "description": "Cr\u00e9ation classeurs Fournisseurs, (Transferts par r\u00e8gle dans le d\u00e9p\u00f4t) ou agent de collecte\r\nWorkflow  Secr\u00e9taire indexe le premier niveau de validation -> directeur ->2 eme niveau de validation\r\nvalider -> a payer -> pay\u00e9 (secretaire)\r\nrefuser -> a traiter -> trait\u00e9 \r\nNotes de frais (6 salari\u00e9s, qui d\u00e9posent, creer un champ type de frais, tampon pay\u00e9 ou trait\u00e9)\r\nCourriers (archivage simple)\r\nDocuments RH (11 salari\u00e9s, dossiers d'embauches)", "personnes_en_charge": [1]}}, {"model": "dashboard.tache", "pk": 18, "fields": {"projet": 26, "nom": "Demande dev-spe formulaire", "date_programmee": "2022-04-01", "date_echeance": "2022-04-06", "date_realisation": null, "statut": 1, "temps_passe": null, "description": "Demande de dev specifique pour mise en forme automatique d'un formulaire zeendoc.", "personnes_en_charge": [1, 3]}}, {"model": "dashboard.tache", "pk": 19, "fields": {"projet": 25, "nom": "Suggestion workflow Fournisseurs", "date_programmee": "2022-04-07", "date_echeance": "2022-04-07", "date_realisation": "2022-04-07", "statut": 4, "temps_passe": "2", "description": "Cr\u00e9ation d'un workflow sur publisher et proposition \u00e0 Secretaire cocirel", "personnes_en_charge": [1]}}, {"model": "dashboard.tache", "pk": 20, "fields": {"projet": 25, "nom": "Cr\u00e9ation classeurs eclient + Mise en place comptabilit\u00e9", "date_programmee": "2022-04-08", "date_echeance": "2022-04-12", "date_realisation": "2022-04-14", "statut": 4, "temps_passe": "1", "description": "Cr\u00e9ation classeur Eclient / factures\r\nMise en place des listes comptables dans les champs index\r\nMise en place de la liste des utilisateurs.", "personnes_en_charge": [1]}}, {"model": "dashboard.tache", "pk": 21, "fields": {"projet": 1, "nom": "Modification classeurs apr\u00e8s contact", "date_programmee": "2022-04-14", "date_echeance": "2022-04-14", "date_realisation": null, "statut": 2, "temps_passe": null, "description": "- Factures \u00e0 valider : commerciaux qui valident\r\n- Rajout champ utilisateur pour permettre la validation\r\n-S\u00e9parer date BL du num\u00e9ro de BL\r\n- Classeur client/Efactures\r\n-Cr\u00e9er les mod\u00e8les factures clients\r\n-Informatique : r\u00e9sonet M Wittmer Benjamin 0388568720\r\n- Mettre en place l'adresse mail du client.", "personnes_en_charge": [1]}}, {"model": "dashboard.tache", "pk": 22, "fields": {"projet": 25, "nom": "Formation secretariat", "date_programmee": "2022-04-13", "date_echeance": null, "date_realisation": "2022-04-13", "statut": 4, "temps_passe": "2,5", "description": "R\u00e9alis\u00e9e sur place,\r\n\r\nValidation niveau 1 \r\nRajouter cat\u00e9gories-frais dans ndf : (Route,Hebergement,Divers)\r\nV\u00e9rifier les envois par mail\r\nRajouter administration arborescences", "personnes_en_charge": [1]}}, {"model": "dashboard.tache", "pk": 23, "fields": {"projet": 26, "nom": "Cr\u00e9ation POC Formulaire", "date_programmee": "2022-05-24", "date_echeance": "2022-03-11", "date_realisation": "2022-03-03", "statut": 4, "temps_passe": "3h", "description": "Cr\u00e9ation formulaire de saisie automatis\u00e9e sous forme de POC.\r\nChiffres d'affaires par boutique.", "personnes_en_charge": [1]}}, {"model": "dashboard.tache", "pk": 24, "fields": {"projet": 8, "nom": "Cr\u00e9ation champs comptables vente", "date_programmee": "2022-05-26", "date_echeance": "2022-05-30", "date_realisation": "2022-05-26", "statut": 4, "temps_passe": "1", "description": "Cr\u00e9ation champs comptable via scripts VBA", "personnes_en_charge": [1]}}, {"model": "dashboard.contact", "pk": 1, "fields": {"client": 1, "type_projet": 1, "nom": "ZELAZNICK", "prenom": "David", "email": "david.zelaznick@able.fr", "tel": "03.88.55.57.14/06.20.14.94.76", "notes": "Direction"}}, {"model": "dashboard.contact", "pk": 2, "fields": {"client": 2, "type_projet": 1, "nom": "AUGUSTINE", "prenom": "Lucie", "email": "laugustine@bredok.com", "tel": "03.88.05.33.11", "notes": null}}, {"model": "dashboard.contact", "pk": 3, "fields": {"client": 4, "type_projet": 1, "nom": "TAPAN", "prenom": "Guillaume", "email": "g.tapan@tpn-btp.fr", "tel": "06.51.18.40.92", "notes": null}}, {"model": "dashboard.contact", "pk": 4, "fields": {"client": 3, "type_projet": 1, "nom": "HAHN", "prenom": "Richard", "email": "r.hahn@eurologistic-france.fr", "tel": "03.88.79.05.63", "notes": null}}, {"model": "dashboard.contact", "pk": 5, "fields": {"client": 14, "type_projet": 1, "nom": "PHAM-VU", "prenom": "Thu-Huong", "email": "thuhuong.phamvu@jbthiery.asso.fr", "tel": "03.83.17.41.91", "notes": null}}, {"model": "dashboard.contact", "pk": 6, "fields": {"client": 8, "type_projet": 1, "nom": "CRIQUI", "prenom": "Elodie", "email": "ecriqui@alcaexpert.com", "tel": "03.88.78.40.36", "notes": null}}, {"model": "dashboard.contact", "pk": 7, "fields": {"client": 20, "type_projet": 1, "nom": "SIMON", "prenom": "Christine", "email": "christine.simon@fein.fr", "tel": "03.88.71.56.69/06.30.03.46.84", "notes": "service rh"}}, {"model": "dashboard.contact", "pk": 8, "fields": {"client": 20, "type_projet": 1, "nom": "BERNHARD", "prenom": "Delphine", "email": "delphine.bernhard@fein.fr", "tel": "03.88.71.56.68", "notes": null}}, {"model": "dashboard.contact", "pk": 9, "fields": {"client": 13, "type_projet": 1, "nom": "THUET", "prenom": "Fanny", "email": "accueil@espaces-paysagers.fr", "tel": "03.88.78.87.02", "notes": null}}, {"model": "dashboard.contact", "pk": 10, "fields": {"client": 12, "type_projet": 1, "nom": "KOEHL", "prenom": "Freddy", "email": "freddy.koehl@espacecasher.com", "tel": "03.88.19.98.81", "notes": null}}, {"model": "dashboard.contact", "pk": 11, "fields": {"client": 5, "type_projet": 1, "nom": "FORESE", "prenom": "Sylvie", "email": "sylvie.forese@tryad.fr", "tel": null, "notes": null}}, {"model": "dashboard.contact", "pk": 12, "fields": {"client": 5, "type_projet": 1, "nom": "FLICK", "prenom": "Nathalie", "email": "nathalie.flick@tryad.fr", "tel": "03.88.64.43.80", "notes": null}}, {"model": "dashboard.contact", "pk": 13, "fields": {"client": 5, "type_projet": 1, "nom": "HOLZINGER", "prenom": "Nathalie", "email": "info@tryad.fr", "tel": null, "notes": null}}, {"model": "dashboard.contact", "pk": 14, "fields": {"client": 22, "type_projet": 1, "nom": "LOUSTAU", "prenom": "Katia", "email": "katia.loustau@logic-sas.com", "tel": "06.43.32.66.83", "notes": "Assistante chef de projet"}}, {"model": "dashboard.contact", "pk": 15, "fields": {"client": 23, "type_projet": 1, "nom": "THIEBAUT", "prenom": "Virginie", "email": "compta.absecurite@orange.fr", "tel": "03.29.81.14.77", "notes": "Comptable"}}, {"model": "dashboard.contact", "pk": 16, "fields": {"client": 24, "type_projet": 1, "nom": "WEBER", "prenom": "Jean-Marc", "email": "jmweber@apbp.fr", "tel": "03.88.47.96.98", "notes": "Comptable"}}, {"model": "dashboard.contact", "pk": 17, "fields": {"client": 6, "type_projet": 1, "nom": "SCHNEIDER", "prenom": "Guillaume", "email": "g.schneider@gross-terrassement.fr", "tel": "06.18.42.39.99", "notes": null}}, {"model": "dashboard.contact", "pk": 18, "fields": {"client": 25, "type_projet": 1, "nom": "ALWAN", "prenom": "Jean-Claude", "email": "jean-claude.alwan@geant-beaux-arts.fr", "tel": "06.43.29.61.75", "notes": "Technicien Maintenance Informatique"}}, {"model": "dashboard.contact", "pk": 20, "fields": {"client": 26, "type_projet": 1, "nom": "BISSIEUX", "prenom": "Gilbert", "email": "gbissieux@pokky.fr", "tel": "06.8034.41.02", "notes": "08.10.81.19.02"}}, {"model": "dashboard.contact", "pk": 21, "fields": {"client": 26, "type_projet": 1, "nom": "Secretariat", "prenom": "Nadege", "email": "secretariat@pokky.fr", "tel": "08.10.81.19.02", "notes": null}}, {"model": "dashboard.contact", "pk": 24, "fields": {"client": 1, "type_projet": 1, "nom": "ROEHRIG", "prenom": "Benedicte", "email": "benedicte.roehrig@able.fr", "tel": null, "notes": null}}, {"model": "dashboard.contact", "pk": 25, "fields": {"client": 1, "type_projet": 1, "nom": "WITTMER", "prenom": "Benjamin", "email": null, "tel": "03.88.56.87.20", "notes": "Informatique / Resonet"}}, {"model": "dashboard.contact", "pk": 26, "fields": {"client": 7, "type_projet": 1, "nom": "SIMOUNI", "prenom": "Sa\u00efd", "email": "s.mimouni@asysteo.com.br", "tel": "07.66.77.61.50", "notes": "Informaticien"}}, {"model": "dashboard.typeechange", "pk": 1, "fields": {"type_echange": "R\u00e9cup\u00e9ration informations"}}, {"model": "dashboard.typeechange", "pk": 2, "fields": {"type_echange": "Prise de contact"}}, {"model": "dashboard.typeechange", "pk": 3, "fields": {"type_echange": "Mise en place"}}, {"model": "dashboard.typeechange", "pk": 4, "fields": {"type_echange": "D\u00e9briefing apr\u00e8s test"}}, {"model": "dashboard.typeechange", "pk": 5, "fields": {"type_echange": "Mise au point"}}, {"model": "dashboard.echange", "pk": 5, "fields": {"contact": 1, "projet": 1, "date": "2021-12-08", "heure": "09:30:00", "type_echange": 1, "statut": 4, "temps_passe": "0", "notes": "Premi\u00e8re prise de contact, r\u00e9cup\u00e9ration informations.\r\nPb informatique, r\u00e9union report\u00e9e."}}, {"model": "dashboard.echange", "pk": 6, "fields": {"contact": 2, "projet": 2, "date": "2021-12-09", "heure": "09:30:00", "type_echange": 2, "statut": 4, "temps_passe": "0", "notes": "Demander infos pour passerelle comptable et personnalisations mails.\r\n\r\nDur\u00e9e : 2h\r\n\r\n- Cr\u00e9ation de 3 classeurs fournisseurs -> avec 3 passerelles comptables\r\nBREDOK BREDOK PRO et TERACOLOR\r\n- Logiciel comptable EBP\r\n- Cr\u00e9ation modele facture client\r\n- Demande cr\u00e9ation passerelle comptable classeur clients E/facture pour bredok-pro"}}, {"model": "dashboard.echange", "pk": 7, "fields": {"contact": 3, "projet": 4, "date": "2021-12-08", "heure": "11:00:00", "type_echange": 2, "statut": 4, "temps_passe": "0", "notes": "Prise de contact initiale."}}, {"model": "dashboard.echange", "pk": 8, "fields": {"contact": 3, "projet": 4, "date": "2021-12-17", "heure": "10:00:00", "type_echange": 1, "statut": 4, "temps_passe": "0", "notes": "Prise de contact initiale.\r\nR\u00e9cup\u00e9ration infos.\r\n\r\nModifications \u00e0 faire sur l'armoire.\r\n-R\u00e9cup\u00e9rer listes utilisateurs et droits\r\n-Cr\u00e9er adresse email d\u00e9pot factures comptabilite_tpn@zeenmail.com\r\n-Verif doublon sur options avancees\r\n-autocompletion nom chantier\r\n-cr\u00e9er champ adresse mail en fonction du fournisseur\r\n-Cr\u00e9ation 3 nouvelles recherches\r\n-Factures \u00e0 payer \u00e9ch\u00e9ance non d\u00e9pass\u00e9e\r\n-Factures \u00e0 payer \u00e0 15 jours\r\n-Factures \u00e0 payer \u00e9ch\u00e9ance d\u00e9pass\u00e9e\r\n-Factures refus\u00e9es sans statut d'envoi ok"}}, {"model": "dashboard.echange", "pk": 9, "fields": {"contact": 1, "projet": 1, "date": "2021-12-16", "heure": "10:00:00", "type_echange": 1, "statut": 4, "temps_passe": "0", "notes": "Pr\u00e9sentation Zoom et r\u00e9cup\u00e9ration informations"}}, {"model": "dashboard.echange", "pk": 10, "fields": {"contact": 14, "projet": 22, "date": "2021-12-15", "heure": "10:49:09", "type_echange": 1, "statut": 4, "temps_passe": "0", "notes": "Demande liste utilisateurs\r\nDemande rdv pour r\u00e9union zoom"}}, {"model": "dashboard.echange", "pk": 11, "fields": {"contact": 15, "projet": 23, "date": "2021-12-15", "heure": "11:00:08", "type_echange": 2, "statut": 3, "temps_passe": "0", "notes": "Prise de contact pour rdv r\u00e9union de pr\u00e9sentation."}}, {"model": "dashboard.echange", "pk": 12, "fields": {"contact": 14, "projet": 22, "date": "2021-12-22", "heure": "14:00:00", "type_echange": 1, "statut": 3, "temps_passe": "0", "notes": "Pr\u00e9sentation zeendoc\r\n\r\n- Classeur Fournisseurs : Pas de workflow de validation.\r\nDisparition des documents apr\u00e8s export vers logiciel comptable.\r\n-Cr\u00e9ation des utilisateurs et droits\r\n-Cr\u00e9ation arborescence par date de facture.\r\n-Classeur notes de frais :\r\nLes utilisateurs d\u00e9posent mais n'indexent pas.\r\nValidation par comptable\r\nEn attente avec ajout de note.\r\nAffecter la note de frais \u00e0 un type de mission."}}, {"model": "dashboard.echange", "pk": 13, "fields": {"contact": 1, "projet": 1, "date": "2022-01-06", "heure": "10:00:00", "type_echange": 3, "statut": 2, "temps_passe": "0", "notes": "Mise en place compl\u00e9ments."}}, {"model": "dashboard.echange", "pk": 14, "fields": {"contact": 14, "projet": 22, "date": "2022-01-04", "heure": "09:30:00", "type_echange": 3, "statut": 4, "temps_passe": "0", "notes": "D\u00e9finition d'un workflow pour notes de frais\r\n\r\n- D\u00e9p\u00f4t par collaborateur\r\n- Validation par comptable tampon valide\r\n- Demande d'information insertion note\r\n- Refus                                tampon refus\u00e9\r\n\r\nPaiement : tampon r\u00e9gl\u00e9 sortie du workflow\r\n\r\nTraitement comptable :\r\nA compl\u00e9ter\r\nA Exporter\r\nSortie du workflow"}}, {"model": "dashboard.echange", "pk": 15, "fields": {"contact": 3, "projet": 4, "date": "2022-01-07", "heure": "15:00:00", "type_echange": 4, "statut": 4, "temps_passe": "0", "notes": "d\u00e9briefing\r\n\r\nSuppression nom de chantier obligatoire\r\nRajout filtre utilisateur\r\nSuppression poids et quantit\u00e9\r\nDroits :\r\nD\u00e9pot -> accueil\r\nModification des indexs -> accueil \r\nFacture \u00e0 valider -> Turkai Kadir Gekay\r\nFactures \u00e0 payer -> Gekay & Accueil"}}, {"model": "dashboard.echange", "pk": 16, "fields": {"contact": 12, "projet": 5, "date": "2022-01-05", "heure": "09:00:00", "type_echange": 5, "statut": 4, "temps_passe": "0", "notes": "S\u00e9paration des factures du classeur dossiers de formations\r\nSuppression de 2 controles de completudes\r\nClasseur factures clients :\r\n- Si chorus utilis\u00e9\r\nR\u00e9cup\u00e9rer infos et cr\u00e9er compte technique chorus\r\n\r\nMep imprimante virtuelle\r\nMep agent zeendoc\r\n\r\nCr\u00e9ation tampon facture acquitt\u00e9e\r\nModifier recherches envoi avec pour les 2 classeurs garder non lus \u00e0 15 et 30j"}}, {"model": "dashboard.echange", "pk": 17, "fields": {"contact": 12, "projet": 5, "date": "2022-01-12", "heure": "10:00:00", "type_echange": 4, "statut": 4, "temps_passe": "0", "notes": "Prochain contact, relance apr\u00e8s tests.\r\nFactures opco \u00e0 lier \u00e0 dossiers formations\r\nAide \u00e0 l'envoi par email.\r\n\r\n1h"}}, {"model": "dashboard.echange", "pk": 18, "fields": {"contact": 15, "projet": 23, "date": "2022-01-13", "heure": "10:00:00", "type_echange": 1, "statut": 4, "temps_passe": "0", "notes": "Pr\u00e9sentation Zeendoc et r\u00e9cup\u00e9rations d'informations.\r\nWorkflow basique de validation.\r\nWorkflow basique paiement.\r\n2h00"}}, {"model": "dashboard.echange", "pk": 19, "fields": {"contact": 3, "projet": 4, "date": null, "heure": "15:44:18", "type_echange": 1, "statut": 1, "temps_passe": "0", "notes": "Mise en place classeur Factures / Eclient\r\n-Mise en place imprimante virtuelle\r\nMise en place agent Zeendoc"}}, {"model": "dashboard.echange", "pk": 20, "fields": {"contact": 12, "projet": 5, "date": "2022-01-19", "heure": "10:00:00", "type_echange": 4, "statut": 2, "temps_passe": "0", "notes": "Simulation envoi par mail des dossiers"}}, {"model": "dashboard.echange", "pk": 21, "fields": {"contact": 14, "projet": 22, "date": "2022-01-12", "heure": "15:00:00", "type_echange": 5, "statut": 2, "temps_passe": "0", "notes": "R\u00e9ponses \u00e0 questions mail"}}, {"model": "dashboard.echange", "pk": 22, "fields": {"contact": 15, "projet": 23, "date": "2022-01-23", "heure": "14:30:00", "type_echange": 4, "statut": 4, "temps_passe": "1", "notes": "Ils ont une r\u00e9union le 20 janvier avec les collaborateurs\r\nPr\u00e9parer workflow de validation simple"}}, {"model": "dashboard.echange", "pk": 23, "fields": {"contact": 14, "projet": 22, "date": "2022-01-27", "heure": "14:30:00", "type_echange": 5, "statut": 3, "temps_passe": "0", "notes": "Se renseigner sur \r\n\r\n- Total notes de frais dans export excel.\r\n- Format mon\u00e9taire\r\n- D\u00e9veloppement sp\u00e9cifique  (s\u00e9parer les champs d'exports imputation HT, TVA 1 colonne par champ)\r\n- Envoyer doc pour stabilo.\r\n\r\n2h"}}, {"model": "dashboard.echange", "pk": 24, "fields": {"contact": 15, "projet": 23, "date": "2022-05-03", "heure": "10:00:00", "type_echange": 1, "statut": 2, "temps_passe": "0", "notes": "R\u00e9union de d\u00e9briefing pour mise en place Classeur RH"}}, {"model": "dashboard.echange", "pk": 26, "fields": {"contact": 20, "projet": 25, "date": "2022-03-22", "heure": "10:00:00", "type_echange": 2, "statut": 2, "temps_passe": "0", "notes": "Prise de contact initiale pour la mise en place du zeendoc :\r\n\r\nProjet de 4 classeurs : Fournisseurs, courriers, notes de frais et rh."}}, {"model": "dashboard.echange", "pk": 27, "fields": {"contact": 24, "projet": 1, "date": "2022-04-05", "heure": "10:00:00", "type_echange": 2, "statut": 4, "temps_passe": "1,5", "notes": "Prise de contact, prise en main de la solution.\r\nRetour :\r\n- Factures \u00e0 valider : commerciaux qui valident\r\n- Rajout champ utilisateur pour permettre la validation\r\n-S\u00e9parer date BL du num\u00e9ro de BL\r\n- Classeur client/Efactures\r\n-Cr\u00e9er les mod\u00e8les factures clients\r\n-Informatique : r\u00e9sonet M Wittmer Benjamin 0388568720\r\n- Mettre en place l'adresse mail du client."}}, {"model": "dashboard.echange", "pk": 28, "fields": {"contact": 16, "projet": 24, "date": "2022-04-20", "heure": "15:00:00", "type_echange": 1, "statut": 1, "temps_passe": "0", "notes": ""}}, {"model": "dashboard.echange", "pk": 30, "fields": {"contact": 15, "projet": 23, "date": "2022-06-03", "heure": "15:00:00", "type_echange": 5, "statut": 4, "temps_passe": "3", "notes": "Entrevue \u00e0 Epinal avec Nicolas Rucker et Virginie Thiebaut, Damien et Marine.\r\n\r\n-Refaire script pour Ecotaxe\r\n-Voir comment travaille Mme Thibaut\r\n-Mettre en place les r\u00e9gles outlook\r\n-Courriers types\r\n-probl\u00e8mes collecteurs orange avec annexes de factures (pas de solution \u00e0 proposer, le client doit voir avec orange)\r\n-nouveau rendez vous pris sur place."}}, {"model": "dashboard.echange", "pk": 31, "fields": {"contact": 15, "projet": 23, "date": "2022-06-14", "heure": "10:00:00", "type_echange": 5, "statut": 4, "temps_passe": "5", "notes": "Mise en place des r\u00e9gles outlook\r\nV\u00e9rification et validation du script ecotaxe\r\nMettre en place d\u00e9coupage automatique fichier Rexel"}}, {"model": "dashboard.echange", "pk": 32, "fields": {"contact": 26, "projet": 8, "date": "2022-05-30", "heure": "10:00:00", "type_echange": 3, "statut": 4, "temps_passe": "1", "notes": "- Explication sur scripts Excel VBA pour importation des comptes comptables\r\n- Demande de mise en place des plans comptables sur les ventes"}}]